Step,r_msmarco_bm_50_no_5000_ff - accuracy,r_msmarco_bm_50_no_5000_ff - accuracy__MIN,r_msmarco_bm_50_no_5000_ff - accuracy__MAX,r_msmarco_bm_10_no_5000_ff - accuracy,r_msmarco_bm_10_no_5000_ff - accuracy__MIN,r_msmarco_bm_10_no_5000_ff - accuracy__MAX,r_msmarco_bm_5_no_5000_ff - accuracy,r_msmarco_bm_5_no_5000_ff - accuracy__MIN,r_msmarco_bm_5_no_5000_ff - accuracy__MAX,r_msmarco_bm_1_no_5000_ff - accuracy,r_msmarco_bm_1_no_5000_ff - accuracy__MIN,r_msmarco_bm_1_no_5000_ff - accuracy__MAX
0,0.20532319391634982,0.20532319391634982,0.20532319391634982,0.18250950570342206,0.18250950570342206,0.18250950570342206,0.1596958174904943,0.1596958174904943,0.1596958174904943,0.1482889733840304,0.1482889733840304,0.1482889733840304
1,0.23193916349809887,0.23193916349809887,0.23193916349809887,0.19391634980988592,0.19391634980988592,0.19391634980988592,0.17490494296577946,0.17490494296577946,0.17490494296577946,0.1634980988593156,0.1634980988593156,0.1634980988593156
2,0.21673003802281368,0.21673003802281368,0.21673003802281368,0.19391634980988592,0.19391634980988592,0.19391634980988592,0.17110266159695817,0.17110266159695817,0.17110266159695817,0.1634980988593156,0.1634980988593156,0.1634980988593156
3,0.22433460076045628,0.22433460076045628,0.22433460076045628,0.17870722433460076,0.17870722433460076,0.17870722433460076,0.17110266159695817,0.17110266159695817,0.17110266159695817,0.1634980988593156,0.1634980988593156,0.1634980988593156
4,0.21673003802281368,0.21673003802281368,0.21673003802281368,0.18631178707224336,0.18631178707224336,0.18631178707224336,0.17490494296577946,0.17490494296577946,0.17490494296577946,0.1596958174904943,0.1596958174904943,0.1596958174904943
5,0.20912547528517111,0.20912547528517111,0.20912547528517111,0.17110266159695817,0.17110266159695817,0.17110266159695817,0.1634980988593156,0.1634980988593156,0.1634980988593156,0.1596958174904943,0.1596958174904943,0.1596958174904943
6,0.19771863117870722,0.19771863117870722,0.19771863117870722,0.16730038022813687,0.16730038022813687,0.16730038022813687,0.1596958174904943,0.1596958174904943,0.1596958174904943,0.1520912547528517,0.1520912547528517,0.1520912547528517
7,0.20912547528517111,0.20912547528517111,0.20912547528517111,0.17110266159695817,0.17110266159695817,0.17110266159695817,0.1634980988593156,0.1634980988593156,0.1634980988593156,0.155893536121673,0.155893536121673,0.155893536121673
8,0.20912547528517111,0.20912547528517111,0.20912547528517111,0.17490494296577946,0.17490494296577946,0.17490494296577946,0.1634980988593156,0.1634980988593156,0.1634980988593156,0.1520912547528517,0.1520912547528517,0.1520912547528517
9,0.21292775665399238,0.21292775665399238,0.21292775665399238,0.19011406844106463,0.19011406844106463,0.19011406844106463,0.17490494296577946,0.17490494296577946,0.17490494296577946,0.155893536121673,0.155893536121673,0.155893536121673
10,0.21292775665399238,0.21292775665399238,0.21292775665399238,0.19391634980988592,0.19391634980988592,0.19391634980988592,0.17110266159695817,0.17110266159695817,0.17110266159695817,0.1634980988593156,0.1634980988593156,0.1634980988593156
11,0.22813688212927757,0.22813688212927757,0.22813688212927757,0.20152091254752852,0.20152091254752852,0.20152091254752852,0.16730038022813687,0.16730038022813687,0.16730038022813687,0.1596958174904943,0.1596958174904943,0.1596958174904943
12,0.23574144486692014,0.23574144486692014,0.23574144486692014,0.19011406844106463,0.19011406844106463,0.19011406844106463,0.1634980988593156,0.1634980988593156,0.1634980988593156,0.155893536121673,0.155893536121673,0.155893536121673
13,0.25475285171102663,0.25475285171102663,0.25475285171102663,0.19771863117870722,0.19771863117870722,0.19771863117870722,0.18250950570342206,0.18250950570342206,0.18250950570342206,0.1634980988593156,0.1634980988593156,0.1634980988593156
14,0.2585551330798479,0.2585551330798479,0.2585551330798479,0.21292775665399238,0.21292775665399238,0.21292775665399238,0.17870722433460076,0.17870722433460076,0.17870722433460076,0.1634980988593156,0.1634980988593156,0.1634980988593156
15,0.2509505703422053,0.2509505703422053,0.2509505703422053,0.21292775665399238,0.21292775665399238,0.21292775665399238,0.17490494296577946,0.17490494296577946,0.17490494296577946,0.1520912547528517,0.1520912547528517,0.1520912547528517
16,0.2509505703422053,0.2509505703422053,0.2509505703422053,0.20912547528517111,0.20912547528517111,0.20912547528517111,0.17110266159695817,0.17110266159695817,0.17110266159695817,0.155893536121673,0.155893536121673,0.155893536121673
17,0.25475285171102663,0.25475285171102663,0.25475285171102663,0.21673003802281368,0.21673003802281368,0.21673003802281368,0.16730038022813687,0.16730038022813687,0.16730038022813687,0.155893536121673,0.155893536121673,0.155893536121673
18,0.2585551330798479,0.2585551330798479,0.2585551330798479,0.22053231939163498,0.22053231939163498,0.22053231939163498,0.18631178707224336,0.18631178707224336,0.18631178707224336,0.1596958174904943,0.1596958174904943,0.1596958174904943
19,0.2585551330798479,0.2585551330798479,0.2585551330798479,0.22813688212927757,0.22813688212927757,0.22813688212927757,0.18631178707224336,0.18631178707224336,0.18631178707224336,0.17490494296577946,0.17490494296577946,0.17490494296577946
20,0.25475285171102663,0.25475285171102663,0.25475285171102663,0.22433460076045628,0.22433460076045628,0.22433460076045628,0.19391634980988592,0.19391634980988592,0.19391634980988592,0.17490494296577946,0.17490494296577946,0.17490494296577946
21,0.2585551330798479,0.2585551330798479,0.2585551330798479,0.22813688212927757,0.22813688212927757,0.22813688212927757,0.17870722433460076,0.17870722433460076,0.17870722433460076,0.16730038022813687,0.16730038022813687,0.16730038022813687
22,0.2661596958174905,0.2661596958174905,0.2661596958174905,0.23193916349809887,0.23193916349809887,0.23193916349809887,0.17870722433460076,0.17870722433460076,0.17870722433460076,0.1596958174904943,0.1596958174904943,0.1596958174904943
23,0.27756653992395436,0.27756653992395436,0.27756653992395436,0.23954372623574144,0.23954372623574144,0.23954372623574144,0.19391634980988592,0.19391634980988592,0.19391634980988592,0.1634980988593156,0.1634980988593156,0.1634980988593156
24,0.2623574144486692,0.2623574144486692,0.2623574144486692,0.23193916349809887,0.23193916349809887,0.23193916349809887,0.18631178707224336,0.18631178707224336,0.18631178707224336,0.1634980988593156,0.1634980988593156,0.1634980988593156
25,0.2623574144486692,0.2623574144486692,0.2623574144486692,0.22813688212927757,0.22813688212927757,0.22813688212927757,0.17110266159695817,0.17110266159695817,0.17110266159695817,0.1596958174904943,0.1596958174904943,0.1596958174904943
26,0.26996197718631176,0.26996197718631176,0.26996197718631176,0.23954372623574144,0.23954372623574144,0.23954372623574144,0.18250950570342206,0.18250950570342206,0.18250950570342206,0.1596958174904943,0.1596958174904943,0.1596958174904943
27,0.2813688212927757,0.2813688212927757,0.2813688212927757,0.23574144486692014,0.23574144486692014,0.23574144486692014,0.18631178707224336,0.18631178707224336,0.18631178707224336,0.1520912547528517,0.1520912547528517,0.1520912547528517
28,0.27756653992395436,0.27756653992395436,0.27756653992395436,0.22433460076045628,0.22433460076045628,0.22433460076045628,0.20532319391634982,0.20532319391634982,0.20532319391634982,0.1634980988593156,0.1634980988593156,0.1634980988593156
29,0.2889733840304182,0.2889733840304182,0.2889733840304182,0.22433460076045628,0.22433460076045628,0.22433460076045628,0.19771863117870722,0.19771863117870722,0.19771863117870722,0.1634980988593156,0.1634980988593156,0.1634980988593156
30,0.2813688212927757,0.2813688212927757,0.2813688212927757,0.22433460076045628,0.22433460076045628,0.22433460076045628,0.19771863117870722,0.19771863117870722,0.19771863117870722,0.17110266159695817,0.17110266159695817,0.17110266159695817
31,0.29277566539923955,0.29277566539923955,0.29277566539923955,0.23193916349809887,0.23193916349809887,0.23193916349809887,0.20532319391634982,0.20532319391634982,0.20532319391634982,0.16730038022813687,0.16730038022813687,0.16730038022813687
32,0.2965779467680608,0.2965779467680608,0.2965779467680608,0.24714828897338403,0.24714828897338403,0.24714828897338403,0.20912547528517111,0.20912547528517111,0.20912547528517111,0.1596958174904943,0.1596958174904943,0.1596958174904943
33,0.27756653992395436,0.27756653992395436,0.27756653992395436,0.24334600760456274,0.24334600760456274,0.24334600760456274,0.20532319391634982,0.20532319391634982,0.20532319391634982,0.16730038022813687,0.16730038022813687,0.16730038022813687
34,0.29277566539923955,0.29277566539923955,0.29277566539923955,0.23954372623574144,0.23954372623574144,0.23954372623574144,0.21292775665399238,0.21292775665399238,0.21292775665399238,0.17490494296577946,0.17490494296577946,0.17490494296577946
35,0.28517110266159695,0.28517110266159695,0.28517110266159695,0.24334600760456274,0.24334600760456274,0.24334600760456274,0.21292775665399238,0.21292775665399238,0.21292775665399238,0.17490494296577946,0.17490494296577946,0.17490494296577946
36,0.28517110266159695,0.28517110266159695,0.28517110266159695,0.23954372623574144,0.23954372623574144,0.23954372623574144,0.21292775665399238,0.21292775665399238,0.21292775665399238,0.18250950570342206,0.18250950570342206,0.18250950570342206
37,0.2813688212927757,0.2813688212927757,0.2813688212927757,0.24334600760456274,0.24334600760456274,0.24334600760456274,0.22433460076045628,0.22433460076045628,0.22433460076045628,0.18631178707224336,0.18631178707224336,0.18631178707224336
38,0.29277566539923955,0.29277566539923955,0.29277566539923955,0.2661596958174905,0.2661596958174905,0.2661596958174905,0.22433460076045628,0.22433460076045628,0.22433460076045628,0.17870722433460076,0.17870722433460076,0.17870722433460076
39,0.29277566539923955,0.29277566539923955,0.29277566539923955,0.2585551330798479,0.2585551330798479,0.2585551330798479,0.21673003802281368,0.21673003802281368,0.21673003802281368,0.17870722433460076,0.17870722433460076,0.17870722433460076
40,0.2965779467680608,0.2965779467680608,0.2965779467680608,0.26996197718631176,0.26996197718631176,0.26996197718631176,0.22433460076045628,0.22433460076045628,0.22433460076045628,0.18250950570342206,0.18250950570342206,0.18250950570342206
41,0.3041825095057034,0.3041825095057034,0.3041825095057034,0.2737642585551331,0.2737642585551331,0.2737642585551331,0.21673003802281368,0.21673003802281368,0.21673003802281368,0.18250950570342206,0.18250950570342206,0.18250950570342206
42,0.3041825095057034,0.3041825095057034,0.3041825095057034,0.2661596958174905,0.2661596958174905,0.2661596958174905,0.20912547528517111,0.20912547528517111,0.20912547528517111,0.18250950570342206,0.18250950570342206,0.18250950570342206
43,0.30038022813688214,0.30038022813688214,0.30038022813688214,0.2661596958174905,0.2661596958174905,0.2661596958174905,0.20912547528517111,0.20912547528517111,0.20912547528517111,0.18631178707224336,0.18631178707224336,0.18631178707224336
44,0.3041825095057034,0.3041825095057034,0.3041825095057034,0.2661596958174905,0.2661596958174905,0.2661596958174905,0.22433460076045628,0.22433460076045628,0.22433460076045628,0.19011406844106463,0.19011406844106463,0.19011406844106463
45,0.3041825095057034,0.3041825095057034,0.3041825095057034,0.2623574144486692,0.2623574144486692,0.2623574144486692,0.23193916349809887,0.23193916349809887,0.23193916349809887,0.19011406844106463,0.19011406844106463,0.19011406844106463
46,0.30798479087452474,0.30798479087452474,0.30798479087452474,0.2661596958174905,0.2661596958174905,0.2661596958174905,0.22053231939163498,0.22053231939163498,0.22053231939163498,0.18250950570342206,0.18250950570342206,0.18250950570342206
47,0.2889733840304182,0.2889733840304182,0.2889733840304182,0.2623574144486692,0.2623574144486692,0.2623574144486692,0.23193916349809887,0.23193916349809887,0.23193916349809887,0.19011406844106463,0.19011406844106463,0.19011406844106463
48,0.2965779467680608,0.2965779467680608,0.2965779467680608,0.2661596958174905,0.2661596958174905,0.2661596958174905,0.23193916349809887,0.23193916349809887,0.23193916349809887,0.19011406844106463,0.19011406844106463,0.19011406844106463
49,0.29277566539923955,0.29277566539923955,0.29277566539923955,0.2585551330798479,0.2585551330798479,0.2585551330798479,0.22813688212927757,0.22813688212927757,0.22813688212927757,0.18631178707224336,0.18631178707224336,0.18631178707224336
50,0.29277566539923955,0.29277566539923955,0.29277566539923955,0.23954372623574144,0.23954372623574144,0.23954372623574144,0.23193916349809887,0.23193916349809887,0.23193916349809887,0.19391634980988592,0.19391634980988592,0.19391634980988592
51,0.2889733840304182,0.2889733840304182,0.2889733840304182,0.24714828897338403,0.24714828897338403,0.24714828897338403,0.22813688212927757,0.22813688212927757,0.22813688212927757,0.18631178707224336,0.18631178707224336,0.18631178707224336
52,0.30038022813688214,0.30038022813688214,0.30038022813688214,0.26996197718631176,0.26996197718631176,0.26996197718631176,0.23193916349809887,0.23193916349809887,0.23193916349809887,0.17870722433460076,0.17870722433460076,0.17870722433460076
53,0.30038022813688214,0.30038022813688214,0.30038022813688214,0.2585551330798479,0.2585551330798479,0.2585551330798479,0.21292775665399238,0.21292775665399238,0.21292775665399238,0.18250950570342206,0.18250950570342206,0.18250950570342206
54,0.2965779467680608,0.2965779467680608,0.2965779467680608,0.2623574144486692,0.2623574144486692,0.2623574144486692,0.21673003802281368,0.21673003802281368,0.21673003802281368,0.18631178707224336,0.18631178707224336,0.18631178707224336
55,0.29277566539923955,0.29277566539923955,0.29277566539923955,0.26996197718631176,0.26996197718631176,0.26996197718631176,0.22433460076045628,0.22433460076045628,0.22433460076045628,0.19011406844106463,0.19011406844106463,0.19011406844106463
56,0.3041825095057034,0.3041825095057034,0.3041825095057034,0.2737642585551331,0.2737642585551331,0.2737642585551331,0.22813688212927757,0.22813688212927757,0.22813688212927757,0.18250950570342206,0.18250950570342206,0.18250950570342206
57,0.311787072243346,0.311787072243346,0.311787072243346,0.26996197718631176,0.26996197718631176,0.26996197718631176,0.23193916349809887,0.23193916349809887,0.23193916349809887,0.19771863117870722,0.19771863117870722,0.19771863117870722
58,0.30798479087452474,0.30798479087452474,0.30798479087452474,0.27756653992395436,0.27756653992395436,0.27756653992395436,0.22053231939163498,0.22053231939163498,0.22053231939163498,0.19011406844106463,0.19011406844106463,0.19011406844106463
59,0.3155893536121673,0.3155893536121673,0.3155893536121673,0.26996197718631176,0.26996197718631176,0.26996197718631176,0.23574144486692014,0.23574144486692014,0.23574144486692014,0.19391634980988592,0.19391634980988592,0.19391634980988592
60,0.30798479087452474,0.30798479087452474,0.30798479087452474,0.2661596958174905,0.2661596958174905,0.2661596958174905,0.22433460076045628,0.22433460076045628,0.22433460076045628,0.18250950570342206,0.18250950570342206,0.18250950570342206
61,0.3041825095057034,0.3041825095057034,0.3041825095057034,0.2661596958174905,0.2661596958174905,0.2661596958174905,0.23574144486692014,0.23574144486692014,0.23574144486692014,0.20152091254752852,0.20152091254752852,0.20152091254752852
62,0.3193916349809886,0.3193916349809886,0.3193916349809886,0.26996197718631176,0.26996197718631176,0.26996197718631176,0.22813688212927757,0.22813688212927757,0.22813688212927757,0.19011406844106463,0.19011406844106463,0.19011406844106463
63,0.311787072243346,0.311787072243346,0.311787072243346,0.27756653992395436,0.27756653992395436,0.27756653992395436,0.23954372623574144,0.23954372623574144,0.23954372623574144,0.19011406844106463,0.19011406844106463,0.19011406844106463
64,0.3193916349809886,0.3193916349809886,0.3193916349809886,0.27756653992395436,0.27756653992395436,0.27756653992395436,0.23954372623574144,0.23954372623574144,0.23954372623574144,0.19391634980988592,0.19391634980988592,0.19391634980988592
65,0.3155893536121673,0.3155893536121673,0.3155893536121673,0.26996197718631176,0.26996197718631176,0.26996197718631176,0.22433460076045628,0.22433460076045628,0.22433460076045628,0.19011406844106463,0.19011406844106463,0.19011406844106463
66,0.3155893536121673,0.3155893536121673,0.3155893536121673,0.2813688212927757,0.2813688212927757,0.2813688212927757,0.22813688212927757,0.22813688212927757,0.22813688212927757,0.19771863117870722,0.19771863117870722,0.19771863117870722
67,0.3155893536121673,0.3155893536121673,0.3155893536121673,0.2737642585551331,0.2737642585551331,0.2737642585551331,0.24714828897338403,0.24714828897338403,0.24714828897338403,0.20152091254752852,0.20152091254752852,0.20152091254752852
68,0.3193916349809886,0.3193916349809886,0.3193916349809886,0.2813688212927757,0.2813688212927757,0.2813688212927757,0.24714828897338403,0.24714828897338403,0.24714828897338403,0.20912547528517111,0.20912547528517111,0.20912547528517111
69,0.3193916349809886,0.3193916349809886,0.3193916349809886,0.27756653992395436,0.27756653992395436,0.27756653992395436,0.25475285171102663,0.25475285171102663,0.25475285171102663,0.19391634980988592,0.19391634980988592,0.19391634980988592
70,0.311787072243346,0.311787072243346,0.311787072243346,0.27756653992395436,0.27756653992395436,0.27756653992395436,0.24714828897338403,0.24714828897338403,0.24714828897338403,0.19771863117870722,0.19771863117870722,0.19771863117870722
71,0.311787072243346,0.311787072243346,0.311787072243346,0.26996197718631176,0.26996197718631176,0.26996197718631176,0.23954372623574144,0.23954372623574144,0.23954372623574144,0.19391634980988592,0.19391634980988592,0.19391634980988592
72,0.311787072243346,0.311787072243346,0.311787072243346,0.2737642585551331,0.2737642585551331,0.2737642585551331,0.23954372623574144,0.23954372623574144,0.23954372623574144,0.20532319391634982,0.20532319391634982,0.20532319391634982
73,0.30798479087452474,0.30798479087452474,0.30798479087452474,0.26996197718631176,0.26996197718631176,0.26996197718631176,0.23574144486692014,0.23574144486692014,0.23574144486692014,0.19771863117870722,0.19771863117870722,0.19771863117870722
74,0.30798479087452474,0.30798479087452474,0.30798479087452474,0.27756653992395436,0.27756653992395436,0.27756653992395436,0.2509505703422053,0.2509505703422053,0.2509505703422053,0.21673003802281368,0.21673003802281368,0.21673003802281368
75,0.311787072243346,0.311787072243346,0.311787072243346,0.2813688212927757,0.2813688212927757,0.2813688212927757,0.2509505703422053,0.2509505703422053,0.2509505703422053,0.21292775665399238,0.21292775665399238,0.21292775665399238
76,0.3193916349809886,0.3193916349809886,0.3193916349809886,0.2813688212927757,0.2813688212927757,0.2813688212927757,0.25475285171102663,0.25475285171102663,0.25475285171102663,0.20912547528517111,0.20912547528517111,0.20912547528517111
77,0.3231939163498099,0.3231939163498099,0.3231939163498099,0.28517110266159695,0.28517110266159695,0.28517110266159695,0.2623574144486692,0.2623574144486692,0.2623574144486692,0.20152091254752852,0.20152091254752852,0.20152091254752852
78,0.3193916349809886,0.3193916349809886,0.3193916349809886,0.27756653992395436,0.27756653992395436,0.27756653992395436,0.25475285171102663,0.25475285171102663,0.25475285171102663,0.20152091254752852,0.20152091254752852,0.20152091254752852
79,0.311787072243346,0.311787072243346,0.311787072243346,0.2813688212927757,0.2813688212927757,0.2813688212927757,0.25475285171102663,0.25475285171102663,0.25475285171102663,0.20152091254752852,0.20152091254752852,0.20152091254752852
80,0.311787072243346,0.311787072243346,0.311787072243346,0.2813688212927757,0.2813688212927757,0.2813688212927757,0.24714828897338403,0.24714828897338403,0.24714828897338403,0.20152091254752852,0.20152091254752852,0.20152091254752852
81,0.3155893536121673,0.3155893536121673,0.3155893536121673,0.2737642585551331,0.2737642585551331,0.2737642585551331,0.23954372623574144,0.23954372623574144,0.23954372623574144,0.21292775665399238,0.21292775665399238,0.21292775665399238
82,0.3155893536121673,0.3155893536121673,0.3155893536121673,0.2737642585551331,0.2737642585551331,0.2737642585551331,0.23954372623574144,0.23954372623574144,0.23954372623574144,0.20152091254752852,0.20152091254752852,0.20152091254752852
83,0.30798479087452474,0.30798479087452474,0.30798479087452474,0.27756653992395436,0.27756653992395436,0.27756653992395436,0.2623574144486692,0.2623574144486692,0.2623574144486692,0.20912547528517111,0.20912547528517111,0.20912547528517111
84,0.3155893536121673,0.3155893536121673,0.3155893536121673,0.27756653992395436,0.27756653992395436,0.27756653992395436,0.25475285171102663,0.25475285171102663,0.25475285171102663,0.21673003802281368,0.21673003802281368,0.21673003802281368
85,0.3193916349809886,0.3193916349809886,0.3193916349809886,0.27756653992395436,0.27756653992395436,0.27756653992395436,0.2585551330798479,0.2585551330798479,0.2585551330798479,0.21673003802281368,0.21673003802281368,0.21673003802281368
86,0.3155893536121673,0.3155893536121673,0.3155893536121673,0.2737642585551331,0.2737642585551331,0.2737642585551331,0.2623574144486692,0.2623574144486692,0.2623574144486692,0.20152091254752852,0.20152091254752852,0.20152091254752852
87,0.3155893536121673,0.3155893536121673,0.3155893536121673,0.2813688212927757,0.2813688212927757,0.2813688212927757,0.23954372623574144,0.23954372623574144,0.23954372623574144,0.21292775665399238,0.21292775665399238,0.21292775665399238
88,0.30798479087452474,0.30798479087452474,0.30798479087452474,0.27756653992395436,0.27756653992395436,0.27756653992395436,0.2509505703422053,0.2509505703422053,0.2509505703422053,0.22053231939163498,0.22053231939163498,0.22053231939163498
89,0.3155893536121673,0.3155893536121673,0.3155893536121673,0.2813688212927757,0.2813688212927757,0.2813688212927757,0.2585551330798479,0.2585551330798479,0.2585551330798479,0.21673003802281368,0.21673003802281368,0.21673003802281368
90,0.311787072243346,0.311787072243346,0.311787072243346,0.27756653992395436,0.27756653992395436,0.27756653992395436,0.2623574144486692,0.2623574144486692,0.2623574144486692,0.20532319391634982,0.20532319391634982,0.20532319391634982
91,0.3193916349809886,0.3193916349809886,0.3193916349809886,0.27756653992395436,0.27756653992395436,0.27756653992395436,0.24714828897338403,0.24714828897338403,0.24714828897338403,0.21292775665399238,0.21292775665399238,0.21292775665399238
92,0.3193916349809886,0.3193916349809886,0.3193916349809886,0.27756653992395436,0.27756653992395436,0.27756653992395436,0.24714828897338403,0.24714828897338403,0.24714828897338403,0.20532319391634982,0.20532319391634982,0.20532319391634982
93,0.3155893536121673,0.3155893536121673,0.3155893536121673,0.2813688212927757,0.2813688212927757,0.2813688212927757,0.25475285171102663,0.25475285171102663,0.25475285171102663,0.20532319391634982,0.20532319391634982,0.20532319391634982
94,0.3231939163498099,0.3231939163498099,0.3231939163498099,0.2813688212927757,0.2813688212927757,0.2813688212927757,0.26996197718631176,0.26996197718631176,0.26996197718631176,0.21292775665399238,0.21292775665399238,0.21292775665399238
95,0.3193916349809886,0.3193916349809886,0.3193916349809886,0.2737642585551331,0.2737642585551331,0.2737642585551331,0.2661596958174905,0.2661596958174905,0.2661596958174905,0.21292775665399238,0.21292775665399238,0.21292775665399238
96,0.311787072243346,0.311787072243346,0.311787072243346,0.2889733840304182,0.2889733840304182,0.2889733840304182,0.2661596958174905,0.2661596958174905,0.2661596958174905,0.22053231939163498,0.22053231939163498,0.22053231939163498
97,0.3231939163498099,0.3231939163498099,0.3231939163498099,0.28517110266159695,0.28517110266159695,0.28517110266159695,0.2623574144486692,0.2623574144486692,0.2623574144486692,0.23574144486692014,0.23574144486692014,0.23574144486692014
98,0.3269961977186312,0.3269961977186312,0.3269961977186312,0.29277566539923955,0.29277566539923955,0.29277566539923955,0.2585551330798479,0.2585551330798479,0.2585551330798479,0.23193916349809887,0.23193916349809887,0.23193916349809887
99,0.3269961977186312,0.3269961977186312,0.3269961977186312,0.2889733840304182,0.2889733840304182,0.2889733840304182,0.26996197718631176,0.26996197718631176,0.26996197718631176,0.23574144486692014,0.23574144486692014,0.23574144486692014
100,0.3231939163498099,0.3231939163498099,0.3231939163498099,0.29277566539923955,0.29277566539923955,0.29277566539923955,0.2585551330798479,0.2585551330798479,0.2585551330798479,0.24334600760456274,0.24334600760456274,0.24334600760456274
101,0.3193916349809886,0.3193916349809886,0.3193916349809886,0.2889733840304182,0.2889733840304182,0.2889733840304182,0.2661596958174905,0.2661596958174905,0.2661596958174905,0.23954372623574144,0.23954372623574144,0.23954372623574144
102,0.3193916349809886,0.3193916349809886,0.3193916349809886,0.29277566539923955,0.29277566539923955,0.29277566539923955,0.25475285171102663,0.25475285171102663,0.25475285171102663,0.23193916349809887,0.23193916349809887,0.23193916349809887
103,0.33079847908745247,0.33079847908745247,0.33079847908745247,0.2889733840304182,0.2889733840304182,0.2889733840304182,0.2585551330798479,0.2585551330798479,0.2585551330798479,0.22053231939163498,0.22053231939163498,0.22053231939163498
104,0.33079847908745247,0.33079847908745247,0.33079847908745247,0.28517110266159695,0.28517110266159695,0.28517110266159695,0.2509505703422053,0.2509505703422053,0.2509505703422053,0.22053231939163498,0.22053231939163498,0.22053231939163498
105,0.3269961977186312,0.3269961977186312,0.3269961977186312,0.2813688212927757,0.2813688212927757,0.2813688212927757,0.2585551330798479,0.2585551330798479,0.2585551330798479,0.22433460076045628,0.22433460076045628,0.22433460076045628
106,0.311787072243346,0.311787072243346,0.311787072243346,0.27756653992395436,0.27756653992395436,0.27756653992395436,0.2623574144486692,0.2623574144486692,0.2623574144486692,0.23193916349809887,0.23193916349809887,0.23193916349809887
107,0.3155893536121673,0.3155893536121673,0.3155893536121673,0.2737642585551331,0.2737642585551331,0.2737642585551331,0.2623574144486692,0.2623574144486692,0.2623574144486692,0.23193916349809887,0.23193916349809887,0.23193916349809887
108,0.33079847908745247,0.33079847908745247,0.33079847908745247,0.27756653992395436,0.27756653992395436,0.27756653992395436,0.2585551330798479,0.2585551330798479,0.2585551330798479,0.21292775665399238,0.21292775665399238,0.21292775665399238
109,0.3269961977186312,0.3269961977186312,0.3269961977186312,0.2889733840304182,0.2889733840304182,0.2889733840304182,0.2661596958174905,0.2661596958174905,0.2661596958174905,0.20912547528517111,0.20912547528517111,0.20912547528517111
110,0.3231939163498099,0.3231939163498099,0.3231939163498099,0.28517110266159695,0.28517110266159695,0.28517110266159695,0.2737642585551331,0.2737642585551331,0.2737642585551331,0.22433460076045628,0.22433460076045628,0.22433460076045628
111,0.3231939163498099,0.3231939163498099,0.3231939163498099,0.27756653992395436,0.27756653992395436,0.27756653992395436,0.2585551330798479,0.2585551330798479,0.2585551330798479,0.22053231939163498,0.22053231939163498,0.22053231939163498
112,0.3231939163498099,0.3231939163498099,0.3231939163498099,0.2813688212927757,0.2813688212927757,0.2813688212927757,0.25475285171102663,0.25475285171102663,0.25475285171102663,0.22813688212927757,0.22813688212927757,0.22813688212927757
113,0.3231939163498099,0.3231939163498099,0.3231939163498099,0.27756653992395436,0.27756653992395436,0.27756653992395436,0.2623574144486692,0.2623574144486692,0.2623574144486692,0.22813688212927757,0.22813688212927757,0.22813688212927757
114,0.3269961977186312,0.3269961977186312,0.3269961977186312,0.28517110266159695,0.28517110266159695,0.28517110266159695,0.27756653992395436,0.27756653992395436,0.27756653992395436,0.23193916349809887,0.23193916349809887,0.23193916349809887
115,0.3193916349809886,0.3193916349809886,0.3193916349809886,0.2813688212927757,0.2813688212927757,0.2813688212927757,0.28517110266159695,0.28517110266159695,0.28517110266159695,0.23954372623574144,0.23954372623574144,0.23954372623574144
116,0.3193916349809886,0.3193916349809886,0.3193916349809886,0.2889733840304182,0.2889733840304182,0.2889733840304182,0.2737642585551331,0.2737642585551331,0.2737642585551331,0.23954372623574144,0.23954372623574144,0.23954372623574144
117,0.3269961977186312,0.3269961977186312,0.3269961977186312,0.2889733840304182,0.2889733840304182,0.2889733840304182,0.2737642585551331,0.2737642585551331,0.2737642585551331,0.24334600760456274,0.24334600760456274,0.24334600760456274
118,0.3269961977186312,0.3269961977186312,0.3269961977186312,0.28517110266159695,0.28517110266159695,0.28517110266159695,0.2737642585551331,0.2737642585551331,0.2737642585551331,0.22813688212927757,0.22813688212927757,0.22813688212927757
119,0.33079847908745247,0.33079847908745247,0.33079847908745247,0.28517110266159695,0.28517110266159695,0.28517110266159695,0.2623574144486692,0.2623574144486692,0.2623574144486692,0.24334600760456274,0.24334600760456274,0.24334600760456274
120,0.3269961977186312,0.3269961977186312,0.3269961977186312,0.28517110266159695,0.28517110266159695,0.28517110266159695,0.2737642585551331,0.2737642585551331,0.2737642585551331,0.22813688212927757,0.22813688212927757,0.22813688212927757
121,0.33460076045627374,0.33460076045627374,0.33460076045627374,0.2889733840304182,0.2889733840304182,0.2889733840304182,0.27756653992395436,0.27756653992395436,0.27756653992395436,0.22813688212927757,0.22813688212927757,0.22813688212927757
122,0.33460076045627374,0.33460076045627374,0.33460076045627374,0.2965779467680608,0.2965779467680608,0.2965779467680608,0.2737642585551331,0.2737642585551331,0.2737642585551331,0.22433460076045628,0.22433460076045628,0.22433460076045628
123,0.33079847908745247,0.33079847908745247,0.33079847908745247,0.29277566539923955,0.29277566539923955,0.29277566539923955,0.26996197718631176,0.26996197718631176,0.26996197718631176,0.23193916349809887,0.23193916349809887,0.23193916349809887
124,0.33079847908745247,0.33079847908745247,0.33079847908745247,0.30038022813688214,0.30038022813688214,0.30038022813688214,0.2813688212927757,0.2813688212927757,0.2813688212927757,0.23574144486692014,0.23574144486692014,0.23574144486692014
125,0.3269961977186312,0.3269961977186312,0.3269961977186312,0.29277566539923955,0.29277566539923955,0.29277566539923955,0.2661596958174905,0.2661596958174905,0.2661596958174905,0.22433460076045628,0.22433460076045628,0.22433460076045628
126,0.3231939163498099,0.3231939163498099,0.3231939163498099,0.2965779467680608,0.2965779467680608,0.2965779467680608,0.2623574144486692,0.2623574144486692,0.2623574144486692,0.22053231939163498,0.22053231939163498,0.22053231939163498
127,0.3193916349809886,0.3193916349809886,0.3193916349809886,0.29277566539923955,0.29277566539923955,0.29277566539923955,0.2737642585551331,0.2737642585551331,0.2737642585551331,0.21292775665399238,0.21292775665399238,0.21292775665399238
128,0.3193916349809886,0.3193916349809886,0.3193916349809886,0.28517110266159695,0.28517110266159695,0.28517110266159695,0.2737642585551331,0.2737642585551331,0.2737642585551331,0.22433460076045628,0.22433460076045628,0.22433460076045628
129,0.3231939163498099,0.3231939163498099,0.3231939163498099,0.2737642585551331,0.2737642585551331,0.2737642585551331,0.2623574144486692,0.2623574144486692,0.2623574144486692,0.21292775665399238,0.21292775665399238,0.21292775665399238
130,0.3269961977186312,0.3269961977186312,0.3269961977186312,0.29277566539923955,0.29277566539923955,0.29277566539923955,0.2661596958174905,0.2661596958174905,0.2661596958174905,0.22813688212927757,0.22813688212927757,0.22813688212927757
131,0.33079847908745247,0.33079847908745247,0.33079847908745247,0.30038022813688214,0.30038022813688214,0.30038022813688214,0.28517110266159695,0.28517110266159695,0.28517110266159695,0.23193916349809887,0.23193916349809887,0.23193916349809887
132,0.3269961977186312,0.3269961977186312,0.3269961977186312,0.3041825095057034,0.3041825095057034,0.3041825095057034,0.2661596958174905,0.2661596958174905,0.2661596958174905,0.23193916349809887,0.23193916349809887,0.23193916349809887
133,0.3231939163498099,0.3231939163498099,0.3231939163498099,0.30798479087452474,0.30798479087452474,0.30798479087452474,0.2585551330798479,0.2585551330798479,0.2585551330798479,0.22433460076045628,0.22433460076045628,0.22433460076045628
134,0.33079847908745247,0.33079847908745247,0.33079847908745247,0.2965779467680608,0.2965779467680608,0.2965779467680608,0.2661596958174905,0.2661596958174905,0.2661596958174905,0.22433460076045628,0.22433460076045628,0.22433460076045628
135,0.3231939163498099,0.3231939163498099,0.3231939163498099,0.30038022813688214,0.30038022813688214,0.30038022813688214,0.26996197718631176,0.26996197718631176,0.26996197718631176,0.23193916349809887,0.23193916349809887,0.23193916349809887
136,0.3269961977186312,0.3269961977186312,0.3269961977186312,0.2889733840304182,0.2889733840304182,0.2889733840304182,0.2661596958174905,0.2661596958174905,0.2661596958174905,0.23574144486692014,0.23574144486692014,0.23574144486692014
137,0.3269961977186312,0.3269961977186312,0.3269961977186312,0.29277566539923955,0.29277566539923955,0.29277566539923955,0.25475285171102663,0.25475285171102663,0.25475285171102663,0.23574144486692014,0.23574144486692014,0.23574144486692014
138,0.3269961977186312,0.3269961977186312,0.3269961977186312,0.2889733840304182,0.2889733840304182,0.2889733840304182,0.2661596958174905,0.2661596958174905,0.2661596958174905,0.23193916349809887,0.23193916349809887,0.23193916349809887
139,0.3269961977186312,0.3269961977186312,0.3269961977186312,0.29277566539923955,0.29277566539923955,0.29277566539923955,0.26996197718631176,0.26996197718631176,0.26996197718631176,0.23574144486692014,0.23574144486692014,0.23574144486692014
140,0.3231939163498099,0.3231939163498099,0.3231939163498099,0.29277566539923955,0.29277566539923955,0.29277566539923955,0.26996197718631176,0.26996197718631176,0.26996197718631176,0.24714828897338403,0.24714828897338403,0.24714828897338403
141,0.3269961977186312,0.3269961977186312,0.3269961977186312,0.2889733840304182,0.2889733840304182,0.2889733840304182,0.2623574144486692,0.2623574144486692,0.2623574144486692,0.23574144486692014,0.23574144486692014,0.23574144486692014
142,0.3193916349809886,0.3193916349809886,0.3193916349809886,0.2965779467680608,0.2965779467680608,0.2965779467680608,0.2737642585551331,0.2737642585551331,0.2737642585551331,0.22433460076045628,0.22433460076045628,0.22433460076045628
143,0.3269961977186312,0.3269961977186312,0.3269961977186312,0.2889733840304182,0.2889733840304182,0.2889733840304182,0.2661596958174905,0.2661596958174905,0.2661596958174905,0.23193916349809887,0.23193916349809887,0.23193916349809887
144,0.3269961977186312,0.3269961977186312,0.3269961977186312,0.2965779467680608,0.2965779467680608,0.2965779467680608,0.2661596958174905,0.2661596958174905,0.2661596958174905,0.22053231939163498,0.22053231939163498,0.22053231939163498
145,0.33079847908745247,0.33079847908745247,0.33079847908745247,0.2889733840304182,0.2889733840304182,0.2889733840304182,0.2585551330798479,0.2585551330798479,0.2585551330798479,0.21292775665399238,0.21292775665399238,0.21292775665399238
146,0.33460076045627374,0.33460076045627374,0.33460076045627374,0.28517110266159695,0.28517110266159695,0.28517110266159695,0.26996197718631176,0.26996197718631176,0.26996197718631176,0.22053231939163498,0.22053231939163498,0.22053231939163498
147,0.33840304182509506,0.33840304182509506,0.33840304182509506,0.2889733840304182,0.2889733840304182,0.2889733840304182,0.2661596958174905,0.2661596958174905,0.2661596958174905,0.22053231939163498,0.22053231939163498,0.22053231939163498
148,0.33840304182509506,0.33840304182509506,0.33840304182509506,0.2813688212927757,0.2813688212927757,0.2813688212927757,0.2623574144486692,0.2623574144486692,0.2623574144486692,0.22053231939163498,0.22053231939163498,0.22053231939163498
149,0.33460076045627374,0.33460076045627374,0.33460076045627374,0.2813688212927757,0.2813688212927757,0.2813688212927757,0.2509505703422053,0.2509505703422053,0.2509505703422053,0.22053231939163498,0.22053231939163498,0.22053231939163498
150,0.34220532319391633,0.34220532319391633,0.34220532319391633,0.2965779467680608,0.2965779467680608,0.2965779467680608,0.25475285171102663,0.25475285171102663,0.25475285171102663,0.22053231939163498,0.22053231939163498,0.22053231939163498
151,0.34220532319391633,0.34220532319391633,0.34220532319391633,0.28517110266159695,0.28517110266159695,0.28517110266159695,0.2661596958174905,0.2661596958174905,0.2661596958174905,0.23193916349809887,0.23193916349809887,0.23193916349809887
152,0.34220532319391633,0.34220532319391633,0.34220532319391633,0.2889733840304182,0.2889733840304182,0.2889733840304182,0.2585551330798479,0.2585551330798479,0.2585551330798479,0.22813688212927757,0.22813688212927757,0.22813688212927757
153,0.34220532319391633,0.34220532319391633,0.34220532319391633,0.2965779467680608,0.2965779467680608,0.2965779467680608,0.25475285171102663,0.25475285171102663,0.25475285171102663,0.22433460076045628,0.22433460076045628,0.22433460076045628
154,0.33840304182509506,0.33840304182509506,0.33840304182509506,0.2965779467680608,0.2965779467680608,0.2965779467680608,0.2509505703422053,0.2509505703422053,0.2509505703422053,0.22813688212927757,0.22813688212927757,0.22813688212927757
155,0.33840304182509506,0.33840304182509506,0.33840304182509506,0.30038022813688214,0.30038022813688214,0.30038022813688214,0.2623574144486692,0.2623574144486692,0.2623574144486692,0.22813688212927757,0.22813688212927757,0.22813688212927757
156,0.33840304182509506,0.33840304182509506,0.33840304182509506,0.30038022813688214,0.30038022813688214,0.30038022813688214,0.2661596958174905,0.2661596958174905,0.2661596958174905,0.22813688212927757,0.22813688212927757,0.22813688212927757
157,0.35361216730038025,0.35361216730038025,0.35361216730038025,0.3041825095057034,0.3041825095057034,0.3041825095057034,0.2661596958174905,0.2661596958174905,0.2661596958174905,0.22433460076045628,0.22433460076045628,0.22433460076045628
158,0.34600760456273766,0.34600760456273766,0.34600760456273766,0.2889733840304182,0.2889733840304182,0.2889733840304182,0.2661596958174905,0.2661596958174905,0.2661596958174905,0.22813688212927757,0.22813688212927757,0.22813688212927757
159,0.34600760456273766,0.34600760456273766,0.34600760456273766,0.2813688212927757,0.2813688212927757,0.2813688212927757,0.2623574144486692,0.2623574144486692,0.2623574144486692,0.22813688212927757,0.22813688212927757,0.22813688212927757
160,0.34220532319391633,0.34220532319391633,0.34220532319391633,0.27756653992395436,0.27756653992395436,0.27756653992395436,0.2585551330798479,0.2585551330798479,0.2585551330798479,0.22813688212927757,0.22813688212927757,0.22813688212927757
161,0.34220532319391633,0.34220532319391633,0.34220532319391633,0.2889733840304182,0.2889733840304182,0.2889733840304182,0.26996197718631176,0.26996197718631176,0.26996197718631176,0.22053231939163498,0.22053231939163498,0.22053231939163498
162,0.33460076045627374,0.33460076045627374,0.33460076045627374,0.29277566539923955,0.29277566539923955,0.29277566539923955,0.2661596958174905,0.2661596958174905,0.2661596958174905,0.23574144486692014,0.23574144486692014,0.23574144486692014
163,0.34600760456273766,0.34600760456273766,0.34600760456273766,0.2965779467680608,0.2965779467680608,0.2965779467680608,0.26996197718631176,0.26996197718631176,0.26996197718631176,0.22053231939163498,0.22053231939163498,0.22053231939163498
164,0.35361216730038025,0.35361216730038025,0.35361216730038025,0.2965779467680608,0.2965779467680608,0.2965779467680608,0.2661596958174905,0.2661596958174905,0.2661596958174905,0.22433460076045628,0.22433460076045628,0.22433460076045628
165,0.34980988593155893,0.34980988593155893,0.34980988593155893,0.3041825095057034,0.3041825095057034,0.3041825095057034,0.2585551330798479,0.2585551330798479,0.2585551330798479,0.23574144486692014,0.23574144486692014,0.23574144486692014
166,0.34980988593155893,0.34980988593155893,0.34980988593155893,0.30798479087452474,0.30798479087452474,0.30798479087452474,0.26996197718631176,0.26996197718631176,0.26996197718631176,0.23574144486692014,0.23574144486692014,0.23574144486692014
167,0.34980988593155893,0.34980988593155893,0.34980988593155893,0.3041825095057034,0.3041825095057034,0.3041825095057034,0.26996197718631176,0.26996197718631176,0.26996197718631176,0.22813688212927757,0.22813688212927757,0.22813688212927757
168,0.34980988593155893,0.34980988593155893,0.34980988593155893,0.3041825095057034,0.3041825095057034,0.3041825095057034,0.28517110266159695,0.28517110266159695,0.28517110266159695,0.24334600760456274,0.24334600760456274,0.24334600760456274
169,0.34600760456273766,0.34600760456273766,0.34600760456273766,0.3041825095057034,0.3041825095057034,0.3041825095057034,0.26996197718631176,0.26996197718631176,0.26996197718631176,0.24714828897338403,0.24714828897338403,0.24714828897338403
170,0.34220532319391633,0.34220532319391633,0.34220532319391633,0.2965779467680608,0.2965779467680608,0.2965779467680608,0.26996197718631176,0.26996197718631176,0.26996197718631176,0.24714828897338403,0.24714828897338403,0.24714828897338403
171,0.34600760456273766,0.34600760456273766,0.34600760456273766,0.2965779467680608,0.2965779467680608,0.2965779467680608,0.2813688212927757,0.2813688212927757,0.2813688212927757,0.23574144486692014,0.23574144486692014,0.23574144486692014
172,0.34220532319391633,0.34220532319391633,0.34220532319391633,0.2965779467680608,0.2965779467680608,0.2965779467680608,0.2813688212927757,0.2813688212927757,0.2813688212927757,0.22813688212927757,0.22813688212927757,0.22813688212927757
173,0.34220532319391633,0.34220532319391633,0.34220532319391633,0.2965779467680608,0.2965779467680608,0.2965779467680608,0.27756653992395436,0.27756653992395436,0.27756653992395436,0.23954372623574144,0.23954372623574144,0.23954372623574144
174,0.34220532319391633,0.34220532319391633,0.34220532319391633,0.3041825095057034,0.3041825095057034,0.3041825095057034,0.2813688212927757,0.2813688212927757,0.2813688212927757,0.23193916349809887,0.23193916349809887,0.23193916349809887
175,0.34980988593155893,0.34980988593155893,0.34980988593155893,0.30798479087452474,0.30798479087452474,0.30798479087452474,0.27756653992395436,0.27756653992395436,0.27756653992395436,0.24334600760456274,0.24334600760456274,0.24334600760456274
176,0.34600760456273766,0.34600760456273766,0.34600760456273766,0.3041825095057034,0.3041825095057034,0.3041825095057034,0.2813688212927757,0.2813688212927757,0.2813688212927757,0.24714828897338403,0.24714828897338403,0.24714828897338403
177,0.34220532319391633,0.34220532319391633,0.34220532319391633,0.30038022813688214,0.30038022813688214,0.30038022813688214,0.28517110266159695,0.28517110266159695,0.28517110266159695,0.2509505703422053,0.2509505703422053,0.2509505703422053
178,0.34220532319391633,0.34220532319391633,0.34220532319391633,0.30038022813688214,0.30038022813688214,0.30038022813688214,0.2737642585551331,0.2737642585551331,0.2737642585551331,0.24714828897338403,0.24714828897338403,0.24714828897338403
179,0.34600760456273766,0.34600760456273766,0.34600760456273766,0.311787072243346,0.311787072243346,0.311787072243346,0.28517110266159695,0.28517110266159695,0.28517110266159695,0.23954372623574144,0.23954372623574144,0.23954372623574144
180,0.34980988593155893,0.34980988593155893,0.34980988593155893,0.3041825095057034,0.3041825095057034,0.3041825095057034,0.2813688212927757,0.2813688212927757,0.2813688212927757,0.23954372623574144,0.23954372623574144,0.23954372623574144
181,0.34600760456273766,0.34600760456273766,0.34600760456273766,0.30798479087452474,0.30798479087452474,0.30798479087452474,0.2813688212927757,0.2813688212927757,0.2813688212927757,0.23954372623574144,0.23954372623574144,0.23954372623574144
182,0.34980988593155893,0.34980988593155893,0.34980988593155893,0.311787072243346,0.311787072243346,0.311787072243346,0.27756653992395436,0.27756653992395436,0.27756653992395436,0.2509505703422053,0.2509505703422053,0.2509505703422053
183,0.34600760456273766,0.34600760456273766,0.34600760456273766,0.30798479087452474,0.30798479087452474,0.30798479087452474,0.27756653992395436,0.27756653992395436,0.27756653992395436,0.24334600760456274,0.24334600760456274,0.24334600760456274
184,0.34600760456273766,0.34600760456273766,0.34600760456273766,0.30798479087452474,0.30798479087452474,0.30798479087452474,0.27756653992395436,0.27756653992395436,0.27756653992395436,0.23574144486692014,0.23574144486692014,0.23574144486692014
185,0.34600760456273766,0.34600760456273766,0.34600760456273766,0.3155893536121673,0.3155893536121673,0.3155893536121673,0.2889733840304182,0.2889733840304182,0.2889733840304182,0.23954372623574144,0.23954372623574144,0.23954372623574144
186,0.34220532319391633,0.34220532319391633,0.34220532319391633,0.311787072243346,0.311787072243346,0.311787072243346,0.2737642585551331,0.2737642585551331,0.2737642585551331,0.2509505703422053,0.2509505703422053,0.2509505703422053
187,0.34600760456273766,0.34600760456273766,0.34600760456273766,0.3041825095057034,0.3041825095057034,0.3041825095057034,0.2737642585551331,0.2737642585551331,0.2737642585551331,0.23954372623574144,0.23954372623574144,0.23954372623574144
188,0.34600760456273766,0.34600760456273766,0.34600760456273766,0.29277566539923955,0.29277566539923955,0.29277566539923955,0.27756653992395436,0.27756653992395436,0.27756653992395436,0.24334600760456274,0.24334600760456274,0.24334600760456274
189,0.34220532319391633,0.34220532319391633,0.34220532319391633,0.2965779467680608,0.2965779467680608,0.2965779467680608,0.2889733840304182,0.2889733840304182,0.2889733840304182,0.2509505703422053,0.2509505703422053,0.2509505703422053
190,0.34600760456273766,0.34600760456273766,0.34600760456273766,0.2965779467680608,0.2965779467680608,0.2965779467680608,0.2889733840304182,0.2889733840304182,0.2889733840304182,0.2585551330798479,0.2585551330798479,0.2585551330798479
191,0.33840304182509506,0.33840304182509506,0.33840304182509506,0.29277566539923955,0.29277566539923955,0.29277566539923955,0.2813688212927757,0.2813688212927757,0.2813688212927757,0.24334600760456274,0.24334600760456274,0.24334600760456274
192,0.33840304182509506,0.33840304182509506,0.33840304182509506,0.30038022813688214,0.30038022813688214,0.30038022813688214,0.2889733840304182,0.2889733840304182,0.2889733840304182,0.25475285171102663,0.25475285171102663,0.25475285171102663
193,0.34220532319391633,0.34220532319391633,0.34220532319391633,0.29277566539923955,0.29277566539923955,0.29277566539923955,0.2737642585551331,0.2737642585551331,0.2737642585551331,0.23574144486692014,0.23574144486692014,0.23574144486692014
194,0.34980988593155893,0.34980988593155893,0.34980988593155893,0.3041825095057034,0.3041825095057034,0.3041825095057034,0.28517110266159695,0.28517110266159695,0.28517110266159695,0.23574144486692014,0.23574144486692014,0.23574144486692014
195,0.34600760456273766,0.34600760456273766,0.34600760456273766,0.2889733840304182,0.2889733840304182,0.2889733840304182,0.27756653992395436,0.27756653992395436,0.27756653992395436,0.23193916349809887,0.23193916349809887,0.23193916349809887
196,0.35361216730038025,0.35361216730038025,0.35361216730038025,0.29277566539923955,0.29277566539923955,0.29277566539923955,0.2737642585551331,0.2737642585551331,0.2737642585551331,0.23574144486692014,0.23574144486692014,0.23574144486692014
197,0.34600760456273766,0.34600760456273766,0.34600760456273766,0.30038022813688214,0.30038022813688214,0.30038022813688214,0.2813688212927757,0.2813688212927757,0.2813688212927757,0.23954372623574144,0.23954372623574144,0.23954372623574144
198,0.33840304182509506,0.33840304182509506,0.33840304182509506,0.3041825095057034,0.3041825095057034,0.3041825095057034,0.2737642585551331,0.2737642585551331,0.2737642585551331,0.23954372623574144,0.23954372623574144,0.23954372623574144
199,0.34220532319391633,0.34220532319391633,0.34220532319391633,0.3193916349809886,0.3193916349809886,0.3193916349809886,0.26996197718631176,0.26996197718631176,0.26996197718631176,0.23954372623574144,0.23954372623574144,0.23954372623574144
200,0.34600760456273766,0.34600760456273766,0.34600760456273766,0.3041825095057034,0.3041825095057034,0.3041825095057034,0.2737642585551331,0.2737642585551331,0.2737642585551331,0.22433460076045628,0.22433460076045628,0.22433460076045628
201,0.34600760456273766,0.34600760456273766,0.34600760456273766,0.3041825095057034,0.3041825095057034,0.3041825095057034,0.2737642585551331,0.2737642585551331,0.2737642585551331,0.2623574144486692,0.2623574144486692,0.2623574144486692
202,0.35361216730038025,0.35361216730038025,0.35361216730038025,0.311787072243346,0.311787072243346,0.311787072243346,0.2889733840304182,0.2889733840304182,0.2889733840304182,0.24714828897338403,0.24714828897338403,0.24714828897338403
203,0.34220532319391633,0.34220532319391633,0.34220532319391633,0.311787072243346,0.311787072243346,0.311787072243346,0.2813688212927757,0.2813688212927757,0.2813688212927757,0.24714828897338403,0.24714828897338403,0.24714828897338403
204,0.34980988593155893,0.34980988593155893,0.34980988593155893,0.3041825095057034,0.3041825095057034,0.3041825095057034,0.2889733840304182,0.2889733840304182,0.2889733840304182,0.2509505703422053,0.2509505703422053,0.2509505703422053
205,0.34220532319391633,0.34220532319391633,0.34220532319391633,0.311787072243346,0.311787072243346,0.311787072243346,0.28517110266159695,0.28517110266159695,0.28517110266159695,0.25475285171102663,0.25475285171102663,0.25475285171102663
206,0.33840304182509506,0.33840304182509506,0.33840304182509506,0.3041825095057034,0.3041825095057034,0.3041825095057034,0.2889733840304182,0.2889733840304182,0.2889733840304182,0.2661596958174905,0.2661596958174905,0.2661596958174905
207,0.34220532319391633,0.34220532319391633,0.34220532319391633,0.29277566539923955,0.29277566539923955,0.29277566539923955,0.29277566539923955,0.29277566539923955,0.29277566539923955,0.26996197718631176,0.26996197718631176,0.26996197718631176
208,0.35361216730038025,0.35361216730038025,0.35361216730038025,0.2965779467680608,0.2965779467680608,0.2965779467680608,0.2813688212927757,0.2813688212927757,0.2813688212927757,0.2737642585551331,0.2737642585551331,0.2737642585551331
209,0.35361216730038025,0.35361216730038025,0.35361216730038025,0.2965779467680608,0.2965779467680608,0.2965779467680608,0.29277566539923955,0.29277566539923955,0.29277566539923955,0.2737642585551331,0.2737642585551331,0.2737642585551331
210,0.3574144486692015,0.3574144486692015,0.3574144486692015,0.30798479087452474,0.30798479087452474,0.30798479087452474,0.2965779467680608,0.2965779467680608,0.2965779467680608,0.26996197718631176,0.26996197718631176,0.26996197718631176
211,0.3574144486692015,0.3574144486692015,0.3574144486692015,0.30038022813688214,0.30038022813688214,0.30038022813688214,0.28517110266159695,0.28517110266159695,0.28517110266159695,0.25475285171102663,0.25475285171102663,0.25475285171102663
212,0.34980988593155893,0.34980988593155893,0.34980988593155893,0.3041825095057034,0.3041825095057034,0.3041825095057034,0.29277566539923955,0.29277566539923955,0.29277566539923955,0.25475285171102663,0.25475285171102663,0.25475285171102663
213,0.3612167300380228,0.3612167300380228,0.3612167300380228,0.30038022813688214,0.30038022813688214,0.30038022813688214,0.2965779467680608,0.2965779467680608,0.2965779467680608,0.2585551330798479,0.2585551330798479,0.2585551330798479
214,0.34600760456273766,0.34600760456273766,0.34600760456273766,0.3041825095057034,0.3041825095057034,0.3041825095057034,0.30038022813688214,0.30038022813688214,0.30038022813688214,0.2623574144486692,0.2623574144486692,0.2623574144486692
215,0.34980988593155893,0.34980988593155893,0.34980988593155893,0.3041825095057034,0.3041825095057034,0.3041825095057034,0.2965779467680608,0.2965779467680608,0.2965779467680608,0.2661596958174905,0.2661596958174905,0.2661596958174905
216,0.35361216730038025,0.35361216730038025,0.35361216730038025,0.29277566539923955,0.29277566539923955,0.29277566539923955,0.2965779467680608,0.2965779467680608,0.2965779467680608,0.2623574144486692,0.2623574144486692,0.2623574144486692
217,0.3612167300380228,0.3612167300380228,0.3612167300380228,0.2965779467680608,0.2965779467680608,0.2965779467680608,0.2965779467680608,0.2965779467680608,0.2965779467680608,0.2585551330798479,0.2585551330798479,0.2585551330798479
218,0.34980988593155893,0.34980988593155893,0.34980988593155893,0.30038022813688214,0.30038022813688214,0.30038022813688214,0.2965779467680608,0.2965779467680608,0.2965779467680608,0.26996197718631176,0.26996197718631176,0.26996197718631176
219,0.34980988593155893,0.34980988593155893,0.34980988593155893,0.30038022813688214,0.30038022813688214,0.30038022813688214,0.3041825095057034,0.3041825095057034,0.3041825095057034,0.2661596958174905,0.2661596958174905,0.2661596958174905
220,0.34600760456273766,0.34600760456273766,0.34600760456273766,0.2965779467680608,0.2965779467680608,0.2965779467680608,0.30798479087452474,0.30798479087452474,0.30798479087452474,0.2813688212927757,0.2813688212927757,0.2813688212927757
221,0.34980988593155893,0.34980988593155893,0.34980988593155893,0.2965779467680608,0.2965779467680608,0.2965779467680608,0.30798479087452474,0.30798479087452474,0.30798479087452474,0.27756653992395436,0.27756653992395436,0.27756653992395436
222,0.3612167300380228,0.3612167300380228,0.3612167300380228,0.311787072243346,0.311787072243346,0.311787072243346,0.2965779467680608,0.2965779467680608,0.2965779467680608,0.25475285171102663,0.25475285171102663,0.25475285171102663
223,0.3574144486692015,0.3574144486692015,0.3574144486692015,0.3155893536121673,0.3155893536121673,0.3155893536121673,0.30798479087452474,0.30798479087452474,0.30798479087452474,0.2623574144486692,0.2623574144486692,0.2623574144486692
224,0.3612167300380228,0.3612167300380228,0.3612167300380228,0.311787072243346,0.311787072243346,0.311787072243346,0.2965779467680608,0.2965779467680608,0.2965779467680608,0.26996197718631176,0.26996197718631176,0.26996197718631176
225,0.35361216730038025,0.35361216730038025,0.35361216730038025,0.30038022813688214,0.30038022813688214,0.30038022813688214,0.30038022813688214,0.30038022813688214,0.30038022813688214,0.2737642585551331,0.2737642585551331,0.2737642585551331
226,0.34980988593155893,0.34980988593155893,0.34980988593155893,0.311787072243346,0.311787072243346,0.311787072243346,0.30038022813688214,0.30038022813688214,0.30038022813688214,0.26996197718631176,0.26996197718631176,0.26996197718631176
227,0.35361216730038025,0.35361216730038025,0.35361216730038025,0.3041825095057034,0.3041825095057034,0.3041825095057034,0.3041825095057034,0.3041825095057034,0.3041825095057034,0.27756653992395436,0.27756653992395436,0.27756653992395436
228,0.34980988593155893,0.34980988593155893,0.34980988593155893,0.3193916349809886,0.3193916349809886,0.3193916349809886,0.30038022813688214,0.30038022813688214,0.30038022813688214,0.26996197718631176,0.26996197718631176,0.26996197718631176
229,0.34980988593155893,0.34980988593155893,0.34980988593155893,0.3193916349809886,0.3193916349809886,0.3193916349809886,0.30038022813688214,0.30038022813688214,0.30038022813688214,0.2813688212927757,0.2813688212927757,0.2813688212927757
230,0.34600760456273766,0.34600760456273766,0.34600760456273766,0.3155893536121673,0.3155893536121673,0.3155893536121673,0.30038022813688214,0.30038022813688214,0.30038022813688214,0.28517110266159695,0.28517110266159695,0.28517110266159695
231,0.34220532319391633,0.34220532319391633,0.34220532319391633,0.3041825095057034,0.3041825095057034,0.3041825095057034,0.2813688212927757,0.2813688212927757,0.2813688212927757,0.2585551330798479,0.2585551330798479,0.2585551330798479
232,0.34600760456273766,0.34600760456273766,0.34600760456273766,0.3155893536121673,0.3155893536121673,0.3155893536121673,0.2737642585551331,0.2737642585551331,0.2737642585551331,0.2585551330798479,0.2585551330798479,0.2585551330798479
233,0.35361216730038025,0.35361216730038025,0.35361216730038025,0.3193916349809886,0.3193916349809886,0.3193916349809886,0.3041825095057034,0.3041825095057034,0.3041825095057034,0.26996197718631176,0.26996197718631176,0.26996197718631176
234,0.3574144486692015,0.3574144486692015,0.3574144486692015,0.3155893536121673,0.3155893536121673,0.3155893536121673,0.30038022813688214,0.30038022813688214,0.30038022813688214,0.26996197718631176,0.26996197718631176,0.26996197718631176
235,0.34980988593155893,0.34980988593155893,0.34980988593155893,0.3193916349809886,0.3193916349809886,0.3193916349809886,0.29277566539923955,0.29277566539923955,0.29277566539923955,0.26996197718631176,0.26996197718631176,0.26996197718631176
236,0.3574144486692015,0.3574144486692015,0.3574144486692015,0.3193916349809886,0.3193916349809886,0.3193916349809886,0.2965779467680608,0.2965779467680608,0.2965779467680608,0.2623574144486692,0.2623574144486692,0.2623574144486692
237,0.34980988593155893,0.34980988593155893,0.34980988593155893,0.3155893536121673,0.3155893536121673,0.3155893536121673,0.30038022813688214,0.30038022813688214,0.30038022813688214,0.2623574144486692,0.2623574144486692,0.2623574144486692
238,0.3612167300380228,0.3612167300380228,0.3612167300380228,0.30798479087452474,0.30798479087452474,0.30798479087452474,0.2965779467680608,0.2965779467680608,0.2965779467680608,0.2661596958174905,0.2661596958174905,0.2661596958174905
239,0.35361216730038025,0.35361216730038025,0.35361216730038025,0.30798479087452474,0.30798479087452474,0.30798479087452474,0.2965779467680608,0.2965779467680608,0.2965779467680608,0.2623574144486692,0.2623574144486692,0.2623574144486692
240,0.3574144486692015,0.3574144486692015,0.3574144486692015,0.3193916349809886,0.3193916349809886,0.3193916349809886,0.2965779467680608,0.2965779467680608,0.2965779467680608,0.2585551330798479,0.2585551330798479,0.2585551330798479
241,0.34600760456273766,0.34600760456273766,0.34600760456273766,0.30798479087452474,0.30798479087452474,0.30798479087452474,0.30798479087452474,0.30798479087452474,0.30798479087452474,0.2661596958174905,0.2661596958174905,0.2661596958174905
242,0.34980988593155893,0.34980988593155893,0.34980988593155893,0.3231939163498099,0.3231939163498099,0.3231939163498099,0.30798479087452474,0.30798479087452474,0.30798479087452474,0.2623574144486692,0.2623574144486692,0.2623574144486692
243,0.34600760456273766,0.34600760456273766,0.34600760456273766,0.3269961977186312,0.3269961977186312,0.3269961977186312,0.3041825095057034,0.3041825095057034,0.3041825095057034,0.26996197718631176,0.26996197718631176,0.26996197718631176
244,0.34600760456273766,0.34600760456273766,0.34600760456273766,0.3269961977186312,0.3269961977186312,0.3269961977186312,0.3041825095057034,0.3041825095057034,0.3041825095057034,0.2661596958174905,0.2661596958174905,0.2661596958174905
245,0.34980988593155893,0.34980988593155893,0.34980988593155893,0.3155893536121673,0.3155893536121673,0.3155893536121673,0.3193916349809886,0.3193916349809886,0.3193916349809886,0.27756653992395436,0.27756653992395436,0.27756653992395436
246,0.34980988593155893,0.34980988593155893,0.34980988593155893,0.3193916349809886,0.3193916349809886,0.3193916349809886,0.3155893536121673,0.3155893536121673,0.3155893536121673,0.26996197718631176,0.26996197718631176,0.26996197718631176
247,0.34600760456273766,0.34600760456273766,0.34600760456273766,0.30798479087452474,0.30798479087452474,0.30798479087452474,0.311787072243346,0.311787072243346,0.311787072243346,0.27756653992395436,0.27756653992395436,0.27756653992395436
248,0.34220532319391633,0.34220532319391633,0.34220532319391633,0.3041825095057034,0.3041825095057034,0.3041825095057034,0.311787072243346,0.311787072243346,0.311787072243346,0.26996197718631176,0.26996197718631176,0.26996197718631176
249,0.34220532319391633,0.34220532319391633,0.34220532319391633,0.2965779467680608,0.2965779467680608,0.2965779467680608,0.29277566539923955,0.29277566539923955,0.29277566539923955,0.2623574144486692,0.2623574144486692,0.2623574144486692
250,0.34600760456273766,0.34600760456273766,0.34600760456273766,0.2965779467680608,0.2965779467680608,0.2965779467680608,0.3041825095057034,0.3041825095057034,0.3041825095057034,0.2623574144486692,0.2623574144486692,0.2623574144486692
251,0.34600760456273766,0.34600760456273766,0.34600760456273766,0.30798479087452474,0.30798479087452474,0.30798479087452474,0.30038022813688214,0.30038022813688214,0.30038022813688214,0.2737642585551331,0.2737642585551331,0.2737642585551331
252,0.3574144486692015,0.3574144486692015,0.3574144486692015,0.29277566539923955,0.29277566539923955,0.29277566539923955,0.3041825095057034,0.3041825095057034,0.3041825095057034,0.2889733840304182,0.2889733840304182,0.2889733840304182
253,0.34980988593155893,0.34980988593155893,0.34980988593155893,0.3041825095057034,0.3041825095057034,0.3041825095057034,0.30038022813688214,0.30038022813688214,0.30038022813688214,0.2813688212927757,0.2813688212927757,0.2813688212927757
254,0.34600760456273766,0.34600760456273766,0.34600760456273766,0.30038022813688214,0.30038022813688214,0.30038022813688214,0.3041825095057034,0.3041825095057034,0.3041825095057034,0.2737642585551331,0.2737642585551331,0.2737642585551331
255,0.33840304182509506,0.33840304182509506,0.33840304182509506,0.30798479087452474,0.30798479087452474,0.30798479087452474,0.30038022813688214,0.30038022813688214,0.30038022813688214,0.2737642585551331,0.2737642585551331,0.2737642585551331
256,0.33460076045627374,0.33460076045627374,0.33460076045627374,0.311787072243346,0.311787072243346,0.311787072243346,0.30798479087452474,0.30798479087452474,0.30798479087452474,0.2737642585551331,0.2737642585551331,0.2737642585551331
257,0.34600760456273766,0.34600760456273766,0.34600760456273766,0.3155893536121673,0.3155893536121673,0.3155893536121673,0.3041825095057034,0.3041825095057034,0.3041825095057034,0.2737642585551331,0.2737642585551331,0.2737642585551331
258,0.34600760456273766,0.34600760456273766,0.34600760456273766,0.30798479087452474,0.30798479087452474,0.30798479087452474,0.3041825095057034,0.3041825095057034,0.3041825095057034,0.26996197718631176,0.26996197718631176,0.26996197718631176
259,0.34220532319391633,0.34220532319391633,0.34220532319391633,0.3041825095057034,0.3041825095057034,0.3041825095057034,0.3155893536121673,0.3155893536121673,0.3155893536121673,0.26996197718631176,0.26996197718631176,0.26996197718631176
260,0.34220532319391633,0.34220532319391633,0.34220532319391633,0.30798479087452474,0.30798479087452474,0.30798479087452474,0.30798479087452474,0.30798479087452474,0.30798479087452474,0.26996197718631176,0.26996197718631176,0.26996197718631176
261,0.3574144486692015,0.3574144486692015,0.3574144486692015,0.3155893536121673,0.3155893536121673,0.3155893536121673,0.30038022813688214,0.30038022813688214,0.30038022813688214,0.26996197718631176,0.26996197718631176,0.26996197718631176
262,0.35361216730038025,0.35361216730038025,0.35361216730038025,0.3041825095057034,0.3041825095057034,0.3041825095057034,0.28517110266159695,0.28517110266159695,0.28517110266159695,0.2661596958174905,0.2661596958174905,0.2661596958174905
263,0.34980988593155893,0.34980988593155893,0.34980988593155893,0.3041825095057034,0.3041825095057034,0.3041825095057034,0.30038022813688214,0.30038022813688214,0.30038022813688214,0.2661596958174905,0.2661596958174905,0.2661596958174905
264,0.34980988593155893,0.34980988593155893,0.34980988593155893,0.3041825095057034,0.3041825095057034,0.3041825095057034,0.29277566539923955,0.29277566539923955,0.29277566539923955,0.2585551330798479,0.2585551330798479,0.2585551330798479
265,0.34980988593155893,0.34980988593155893,0.34980988593155893,0.311787072243346,0.311787072243346,0.311787072243346,0.30798479087452474,0.30798479087452474,0.30798479087452474,0.2623574144486692,0.2623574144486692,0.2623574144486692
266,0.34980988593155893,0.34980988593155893,0.34980988593155893,0.3155893536121673,0.3155893536121673,0.3155893536121673,0.30798479087452474,0.30798479087452474,0.30798479087452474,0.2737642585551331,0.2737642585551331,0.2737642585551331
267,0.35361216730038025,0.35361216730038025,0.35361216730038025,0.311787072243346,0.311787072243346,0.311787072243346,0.311787072243346,0.311787072243346,0.311787072243346,0.26996197718631176,0.26996197718631176,0.26996197718631176
268,0.34600760456273766,0.34600760456273766,0.34600760456273766,0.3231939163498099,0.3231939163498099,0.3231939163498099,0.3193916349809886,0.3193916349809886,0.3193916349809886,0.27756653992395436,0.27756653992395436,0.27756653992395436
269,0.34980988593155893,0.34980988593155893,0.34980988593155893,0.3155893536121673,0.3155893536121673,0.3155893536121673,0.3193916349809886,0.3193916349809886,0.3193916349809886,0.2813688212927757,0.2813688212927757,0.2813688212927757
270,0.3612167300380228,0.3612167300380228,0.3612167300380228,0.3155893536121673,0.3155893536121673,0.3155893536121673,0.3041825095057034,0.3041825095057034,0.3041825095057034,0.2813688212927757,0.2813688212927757,0.2813688212927757
271,0.35361216730038025,0.35361216730038025,0.35361216730038025,0.30798479087452474,0.30798479087452474,0.30798479087452474,0.3041825095057034,0.3041825095057034,0.3041825095057034,0.2813688212927757,0.2813688212927757,0.2813688212927757
272,0.34980988593155893,0.34980988593155893,0.34980988593155893,0.3155893536121673,0.3155893536121673,0.3155893536121673,0.30038022813688214,0.30038022813688214,0.30038022813688214,0.26996197718631176,0.26996197718631176,0.26996197718631176
273,0.3574144486692015,0.3574144486692015,0.3574144486692015,0.3155893536121673,0.3155893536121673,0.3155893536121673,0.311787072243346,0.311787072243346,0.311787072243346,0.26996197718631176,0.26996197718631176,0.26996197718631176
274,0.3612167300380228,0.3612167300380228,0.3612167300380228,0.3193916349809886,0.3193916349809886,0.3193916349809886,0.3155893536121673,0.3155893536121673,0.3155893536121673,0.2889733840304182,0.2889733840304182,0.2889733840304182
275,0.35361216730038025,0.35361216730038025,0.35361216730038025,0.3231939163498099,0.3231939163498099,0.3231939163498099,0.311787072243346,0.311787072243346,0.311787072243346,0.29277566539923955,0.29277566539923955,0.29277566539923955
276,0.34980988593155893,0.34980988593155893,0.34980988593155893,0.3231939163498099,0.3231939163498099,0.3231939163498099,0.30798479087452474,0.30798479087452474,0.30798479087452474,0.26996197718631176,0.26996197718631176,0.26996197718631176
277,0.3612167300380228,0.3612167300380228,0.3612167300380228,0.3155893536121673,0.3155893536121673,0.3155893536121673,0.3155893536121673,0.3155893536121673,0.3155893536121673,0.2737642585551331,0.2737642585551331,0.2737642585551331
278,0.3650190114068441,0.3650190114068441,0.3650190114068441,0.3269961977186312,0.3269961977186312,0.3269961977186312,0.311787072243346,0.311787072243346,0.311787072243346,0.27756653992395436,0.27756653992395436,0.27756653992395436
279,0.3688212927756654,0.3688212927756654,0.3688212927756654,0.33840304182509506,0.33840304182509506,0.33840304182509506,0.311787072243346,0.311787072243346,0.311787072243346,0.2889733840304182,0.2889733840304182,0.2889733840304182
280,0.3574144486692015,0.3574144486692015,0.3574144486692015,0.33079847908745247,0.33079847908745247,0.33079847908745247,0.3155893536121673,0.3155893536121673,0.3155893536121673,0.2737642585551331,0.2737642585551331,0.2737642585551331
281,0.34980988593155893,0.34980988593155893,0.34980988593155893,0.3269961977186312,0.3269961977186312,0.3269961977186312,0.3155893536121673,0.3155893536121673,0.3155893536121673,0.2737642585551331,0.2737642585551331,0.2737642585551331
282,0.35361216730038025,0.35361216730038025,0.35361216730038025,0.33079847908745247,0.33079847908745247,0.33079847908745247,0.311787072243346,0.311787072243346,0.311787072243346,0.2661596958174905,0.2661596958174905,0.2661596958174905
283,0.3650190114068441,0.3650190114068441,0.3650190114068441,0.3269961977186312,0.3269961977186312,0.3269961977186312,0.3193916349809886,0.3193916349809886,0.3193916349809886,0.2737642585551331,0.2737642585551331,0.2737642585551331
284,0.3726235741444867,0.3726235741444867,0.3726235741444867,0.3269961977186312,0.3269961977186312,0.3269961977186312,0.3231939163498099,0.3231939163498099,0.3231939163498099,0.28517110266159695,0.28517110266159695,0.28517110266159695
285,0.376425855513308,0.376425855513308,0.376425855513308,0.33079847908745247,0.33079847908745247,0.33079847908745247,0.3231939163498099,0.3231939163498099,0.3231939163498099,0.2737642585551331,0.2737642585551331,0.2737642585551331
286,0.3726235741444867,0.3726235741444867,0.3726235741444867,0.33460076045627374,0.33460076045627374,0.33460076045627374,0.3041825095057034,0.3041825095057034,0.3041825095057034,0.2623574144486692,0.2623574144486692,0.2623574144486692
287,0.3726235741444867,0.3726235741444867,0.3726235741444867,0.3269961977186312,0.3269961977186312,0.3269961977186312,0.28517110266159695,0.28517110266159695,0.28517110266159695,0.24714828897338403,0.24714828897338403,0.24714828897338403
288,0.376425855513308,0.376425855513308,0.376425855513308,0.3231939163498099,0.3231939163498099,0.3231939163498099,0.28517110266159695,0.28517110266159695,0.28517110266159695,0.2509505703422053,0.2509505703422053,0.2509505703422053
289,0.3688212927756654,0.3688212927756654,0.3688212927756654,0.3231939163498099,0.3231939163498099,0.3231939163498099,0.28517110266159695,0.28517110266159695,0.28517110266159695,0.2585551330798479,0.2585551330798479,0.2585551330798479
290,0.3688212927756654,0.3688212927756654,0.3688212927756654,0.3269961977186312,0.3269961977186312,0.3269961977186312,0.2965779467680608,0.2965779467680608,0.2965779467680608,0.25475285171102663,0.25475285171102663,0.25475285171102663
291,0.3688212927756654,0.3688212927756654,0.3688212927756654,0.3269961977186312,0.3269961977186312,0.3269961977186312,0.30798479087452474,0.30798479087452474,0.30798479087452474,0.2623574144486692,0.2623574144486692,0.2623574144486692
292,0.3650190114068441,0.3650190114068441,0.3650190114068441,0.33079847908745247,0.33079847908745247,0.33079847908745247,0.311787072243346,0.311787072243346,0.311787072243346,0.27756653992395436,0.27756653992395436,0.27756653992395436
293,0.3650190114068441,0.3650190114068441,0.3650190114068441,0.33079847908745247,0.33079847908745247,0.33079847908745247,0.311787072243346,0.311787072243346,0.311787072243346,0.26996197718631176,0.26996197718631176,0.26996197718631176
294,0.3650190114068441,0.3650190114068441,0.3650190114068441,0.33460076045627374,0.33460076045627374,0.33460076045627374,0.3041825095057034,0.3041825095057034,0.3041825095057034,0.2737642585551331,0.2737642585551331,0.2737642585551331
295,0.3612167300380228,0.3612167300380228,0.3612167300380228,0.33840304182509506,0.33840304182509506,0.33840304182509506,0.3155893536121673,0.3155893536121673,0.3155893536121673,0.2661596958174905,0.2661596958174905,0.2661596958174905
296,0.3650190114068441,0.3650190114068441,0.3650190114068441,0.33840304182509506,0.33840304182509506,0.33840304182509506,0.3155893536121673,0.3155893536121673,0.3155893536121673,0.27756653992395436,0.27756653992395436,0.27756653992395436
297,0.3726235741444867,0.3726235741444867,0.3726235741444867,0.33079847908745247,0.33079847908745247,0.33079847908745247,0.30038022813688214,0.30038022813688214,0.30038022813688214,0.27756653992395436,0.27756653992395436,0.27756653992395436
298,0.3688212927756654,0.3688212927756654,0.3688212927756654,0.3269961977186312,0.3269961977186312,0.3269961977186312,0.30798479087452474,0.30798479087452474,0.30798479087452474,0.2623574144486692,0.2623574144486692,0.2623574144486692
299,0.3612167300380228,0.3612167300380228,0.3612167300380228,0.33460076045627374,0.33460076045627374,0.33460076045627374,0.311787072243346,0.311787072243346,0.311787072243346,0.26996197718631176,0.26996197718631176,0.26996197718631176
300,0.3574144486692015,0.3574144486692015,0.3574144486692015,0.33079847908745247,0.33079847908745247,0.33079847908745247,0.3193916349809886,0.3193916349809886,0.3193916349809886,0.2737642585551331,0.2737642585551331,0.2737642585551331
301,0.3574144486692015,0.3574144486692015,0.3574144486692015,0.3231939163498099,0.3231939163498099,0.3231939163498099,0.3193916349809886,0.3193916349809886,0.3193916349809886,0.26996197718631176,0.26996197718631176,0.26996197718631176
302,0.35361216730038025,0.35361216730038025,0.35361216730038025,0.33460076045627374,0.33460076045627374,0.33460076045627374,0.311787072243346,0.311787072243346,0.311787072243346,0.2623574144486692,0.2623574144486692,0.2623574144486692
303,0.35361216730038025,0.35361216730038025,0.35361216730038025,0.3269961977186312,0.3269961977186312,0.3269961977186312,0.30798479087452474,0.30798479087452474,0.30798479087452474,0.24334600760456274,0.24334600760456274,0.24334600760456274
304,0.34980988593155893,0.34980988593155893,0.34980988593155893,0.3269961977186312,0.3269961977186312,0.3269961977186312,0.30798479087452474,0.30798479087452474,0.30798479087452474,0.25475285171102663,0.25475285171102663,0.25475285171102663
305,0.34980988593155893,0.34980988593155893,0.34980988593155893,0.3269961977186312,0.3269961977186312,0.3269961977186312,0.30798479087452474,0.30798479087452474,0.30798479087452474,0.26996197718631176,0.26996197718631176,0.26996197718631176
306,0.3574144486692015,0.3574144486692015,0.3574144486692015,0.3193916349809886,0.3193916349809886,0.3193916349809886,0.311787072243346,0.311787072243346,0.311787072243346,0.26996197718631176,0.26996197718631176,0.26996197718631176
307,0.3574144486692015,0.3574144486692015,0.3574144486692015,0.3193916349809886,0.3193916349809886,0.3193916349809886,0.30798479087452474,0.30798479087452474,0.30798479087452474,0.2623574144486692,0.2623574144486692,0.2623574144486692
308,0.3612167300380228,0.3612167300380228,0.3612167300380228,0.3269961977186312,0.3269961977186312,0.3269961977186312,0.311787072243346,0.311787072243346,0.311787072243346,0.2623574144486692,0.2623574144486692,0.2623574144486692
309,0.3612167300380228,0.3612167300380228,0.3612167300380228,0.3193916349809886,0.3193916349809886,0.3193916349809886,0.3155893536121673,0.3155893536121673,0.3155893536121673,0.2661596958174905,0.2661596958174905,0.2661596958174905
310,0.3612167300380228,0.3612167300380228,0.3612167300380228,0.3231939163498099,0.3231939163498099,0.3231939163498099,0.311787072243346,0.311787072243346,0.311787072243346,0.26996197718631176,0.26996197718631176,0.26996197718631176
311,0.3574144486692015,0.3574144486692015,0.3574144486692015,0.3231939163498099,0.3231939163498099,0.3231939163498099,0.2965779467680608,0.2965779467680608,0.2965779467680608,0.2585551330798479,0.2585551330798479,0.2585551330798479
312,0.3574144486692015,0.3574144486692015,0.3574144486692015,0.3231939163498099,0.3231939163498099,0.3231939163498099,0.3041825095057034,0.3041825095057034,0.3041825095057034,0.2585551330798479,0.2585551330798479,0.2585551330798479
313,0.35361216730038025,0.35361216730038025,0.35361216730038025,0.3193916349809886,0.3193916349809886,0.3193916349809886,0.30798479087452474,0.30798479087452474,0.30798479087452474,0.26996197718631176,0.26996197718631176,0.26996197718631176
314,0.35361216730038025,0.35361216730038025,0.35361216730038025,0.3193916349809886,0.3193916349809886,0.3193916349809886,0.3041825095057034,0.3041825095057034,0.3041825095057034,0.26996197718631176,0.26996197718631176,0.26996197718631176
315,0.35361216730038025,0.35361216730038025,0.35361216730038025,0.3155893536121673,0.3155893536121673,0.3155893536121673,0.30038022813688214,0.30038022813688214,0.30038022813688214,0.2737642585551331,0.2737642585551331,0.2737642585551331
316,0.34980988593155893,0.34980988593155893,0.34980988593155893,0.3231939163498099,0.3231939163498099,0.3231939163498099,0.3041825095057034,0.3041825095057034,0.3041825095057034,0.2737642585551331,0.2737642585551331,0.2737642585551331
317,0.34980988593155893,0.34980988593155893,0.34980988593155893,0.3193916349809886,0.3193916349809886,0.3193916349809886,0.3041825095057034,0.3041825095057034,0.3041825095057034,0.25475285171102663,0.25475285171102663,0.25475285171102663
318,0.34600760456273766,0.34600760456273766,0.34600760456273766,0.3231939163498099,0.3231939163498099,0.3231939163498099,0.2889733840304182,0.2889733840304182,0.2889733840304182,0.2661596958174905,0.2661596958174905,0.2661596958174905
319,0.34220532319391633,0.34220532319391633,0.34220532319391633,0.3231939163498099,0.3231939163498099,0.3231939163498099,0.28517110266159695,0.28517110266159695,0.28517110266159695,0.2623574144486692,0.2623574144486692,0.2623574144486692
320,0.34600760456273766,0.34600760456273766,0.34600760456273766,0.3231939163498099,0.3231939163498099,0.3231939163498099,0.30038022813688214,0.30038022813688214,0.30038022813688214,0.2585551330798479,0.2585551330798479,0.2585551330798479
321,0.34980988593155893,0.34980988593155893,0.34980988593155893,0.3269961977186312,0.3269961977186312,0.3269961977186312,0.311787072243346,0.311787072243346,0.311787072243346,0.2585551330798479,0.2585551330798479,0.2585551330798479
322,0.34220532319391633,0.34220532319391633,0.34220532319391633,0.3193916349809886,0.3193916349809886,0.3193916349809886,0.311787072243346,0.311787072243346,0.311787072243346,0.25475285171102663,0.25475285171102663,0.25475285171102663
323,0.34600760456273766,0.34600760456273766,0.34600760456273766,0.3231939163498099,0.3231939163498099,0.3231939163498099,0.30038022813688214,0.30038022813688214,0.30038022813688214,0.2623574144486692,0.2623574144486692,0.2623574144486692
324,0.35361216730038025,0.35361216730038025,0.35361216730038025,0.3269961977186312,0.3269961977186312,0.3269961977186312,0.30038022813688214,0.30038022813688214,0.30038022813688214,0.25475285171102663,0.25475285171102663,0.25475285171102663
325,0.3650190114068441,0.3650190114068441,0.3650190114068441,0.3269961977186312,0.3269961977186312,0.3269961977186312,0.3041825095057034,0.3041825095057034,0.3041825095057034,0.24714828897338403,0.24714828897338403,0.24714828897338403
326,0.3574144486692015,0.3574144486692015,0.3574144486692015,0.3231939163498099,0.3231939163498099,0.3231939163498099,0.3193916349809886,0.3193916349809886,0.3193916349809886,0.2585551330798479,0.2585551330798479,0.2585551330798479
327,0.35361216730038025,0.35361216730038025,0.35361216730038025,0.3193916349809886,0.3193916349809886,0.3193916349809886,0.3193916349809886,0.3193916349809886,0.3193916349809886,0.2661596958174905,0.2661596958174905,0.2661596958174905
328,0.35361216730038025,0.35361216730038025,0.35361216730038025,0.3269961977186312,0.3269961977186312,0.3269961977186312,0.3155893536121673,0.3155893536121673,0.3155893536121673,0.2623574144486692,0.2623574144486692,0.2623574144486692
329,0.3574144486692015,0.3574144486692015,0.3574144486692015,0.33079847908745247,0.33079847908745247,0.33079847908745247,0.311787072243346,0.311787072243346,0.311787072243346,0.25475285171102663,0.25475285171102663,0.25475285171102663
330,0.34980988593155893,0.34980988593155893,0.34980988593155893,0.3231939163498099,0.3231939163498099,0.3231939163498099,0.30038022813688214,0.30038022813688214,0.30038022813688214,0.24334600760456274,0.24334600760456274,0.24334600760456274
331,0.35361216730038025,0.35361216730038025,0.35361216730038025,0.3193916349809886,0.3193916349809886,0.3193916349809886,0.30798479087452474,0.30798479087452474,0.30798479087452474,0.25475285171102663,0.25475285171102663,0.25475285171102663
332,0.3574144486692015,0.3574144486692015,0.3574144486692015,0.3193916349809886,0.3193916349809886,0.3193916349809886,0.30798479087452474,0.30798479087452474,0.30798479087452474,0.2661596958174905,0.2661596958174905,0.2661596958174905
333,0.35361216730038025,0.35361216730038025,0.35361216730038025,0.3193916349809886,0.3193916349809886,0.3193916349809886,0.311787072243346,0.311787072243346,0.311787072243346,0.26996197718631176,0.26996197718631176,0.26996197718631176
334,0.34600760456273766,0.34600760456273766,0.34600760456273766,0.3193916349809886,0.3193916349809886,0.3193916349809886,0.3155893536121673,0.3155893536121673,0.3155893536121673,0.2623574144486692,0.2623574144486692,0.2623574144486692
335,0.34980988593155893,0.34980988593155893,0.34980988593155893,0.3231939163498099,0.3231939163498099,0.3231939163498099,0.311787072243346,0.311787072243346,0.311787072243346,0.2623574144486692,0.2623574144486692,0.2623574144486692
336,0.34980988593155893,0.34980988593155893,0.34980988593155893,0.3231939163498099,0.3231939163498099,0.3231939163498099,0.30798479087452474,0.30798479087452474,0.30798479087452474,0.2737642585551331,0.2737642585551331,0.2737642585551331
337,0.35361216730038025,0.35361216730038025,0.35361216730038025,0.3231939163498099,0.3231939163498099,0.3231939163498099,0.311787072243346,0.311787072243346,0.311787072243346,0.2737642585551331,0.2737642585551331,0.2737642585551331
338,0.35361216730038025,0.35361216730038025,0.35361216730038025,0.3231939163498099,0.3231939163498099,0.3231939163498099,0.311787072243346,0.311787072243346,0.311787072243346,0.2661596958174905,0.2661596958174905,0.2661596958174905
339,0.34600760456273766,0.34600760456273766,0.34600760456273766,0.3193916349809886,0.3193916349809886,0.3193916349809886,0.311787072243346,0.311787072243346,0.311787072243346,0.26996197718631176,0.26996197718631176,0.26996197718631176
340,0.35361216730038025,0.35361216730038025,0.35361216730038025,0.3231939163498099,0.3231939163498099,0.3231939163498099,0.2965779467680608,0.2965779467680608,0.2965779467680608,0.2661596958174905,0.2661596958174905,0.2661596958174905
341,0.35361216730038025,0.35361216730038025,0.35361216730038025,0.3231939163498099,0.3231939163498099,0.3231939163498099,0.29277566539923955,0.29277566539923955,0.29277566539923955,0.2623574144486692,0.2623574144486692,0.2623574144486692
342,0.34980988593155893,0.34980988593155893,0.34980988593155893,0.3231939163498099,0.3231939163498099,0.3231939163498099,0.3155893536121673,0.3155893536121673,0.3155893536121673,0.2585551330798479,0.2585551330798479,0.2585551330798479
343,0.34600760456273766,0.34600760456273766,0.34600760456273766,0.3269961977186312,0.3269961977186312,0.3269961977186312,0.30798479087452474,0.30798479087452474,0.30798479087452474,0.25475285171102663,0.25475285171102663,0.25475285171102663
344,0.35361216730038025,0.35361216730038025,0.35361216730038025,0.3269961977186312,0.3269961977186312,0.3269961977186312,0.311787072243346,0.311787072243346,0.311787072243346,0.2585551330798479,0.2585551330798479,0.2585551330798479
345,0.35361216730038025,0.35361216730038025,0.35361216730038025,0.3269961977186312,0.3269961977186312,0.3269961977186312,0.30798479087452474,0.30798479087452474,0.30798479087452474,0.24714828897338403,0.24714828897338403,0.24714828897338403
346,0.34600760456273766,0.34600760456273766,0.34600760456273766,0.3269961977186312,0.3269961977186312,0.3269961977186312,0.311787072243346,0.311787072243346,0.311787072243346,0.2585551330798479,0.2585551330798479,0.2585551330798479
347,0.34600760456273766,0.34600760456273766,0.34600760456273766,0.3269961977186312,0.3269961977186312,0.3269961977186312,0.3193916349809886,0.3193916349809886,0.3193916349809886,0.26996197718631176,0.26996197718631176,0.26996197718631176
348,0.35361216730038025,0.35361216730038025,0.35361216730038025,0.3231939163498099,0.3231939163498099,0.3231939163498099,0.3231939163498099,0.3231939163498099,0.3231939163498099,0.2813688212927757,0.2813688212927757,0.2813688212927757
349,0.3612167300380228,0.3612167300380228,0.3612167300380228,0.3231939163498099,0.3231939163498099,0.3231939163498099,0.3231939163498099,0.3231939163498099,0.3231939163498099,0.26996197718631176,0.26996197718631176,0.26996197718631176
350,0.3574144486692015,0.3574144486692015,0.3574144486692015,0.3231939163498099,0.3231939163498099,0.3231939163498099,0.3193916349809886,0.3193916349809886,0.3193916349809886,0.2585551330798479,0.2585551330798479,0.2585551330798479
351,0.3612167300380228,0.3612167300380228,0.3612167300380228,0.3231939163498099,0.3231939163498099,0.3231939163498099,0.3193916349809886,0.3193916349809886,0.3193916349809886,0.2623574144486692,0.2623574144486692,0.2623574144486692
352,0.34980988593155893,0.34980988593155893,0.34980988593155893,0.3269961977186312,0.3269961977186312,0.3269961977186312,0.3193916349809886,0.3193916349809886,0.3193916349809886,0.2623574144486692,0.2623574144486692,0.2623574144486692
353,0.34980988593155893,0.34980988593155893,0.34980988593155893,0.3269961977186312,0.3269961977186312,0.3269961977186312,0.3155893536121673,0.3155893536121673,0.3155893536121673,0.2585551330798479,0.2585551330798479,0.2585551330798479
354,0.35361216730038025,0.35361216730038025,0.35361216730038025,0.3231939163498099,0.3231939163498099,0.3231939163498099,0.3193916349809886,0.3193916349809886,0.3193916349809886,0.2623574144486692,0.2623574144486692,0.2623574144486692
355,0.34980988593155893,0.34980988593155893,0.34980988593155893,0.3231939163498099,0.3231939163498099,0.3231939163498099,0.3231939163498099,0.3231939163498099,0.3231939163498099,0.2585551330798479,0.2585551330798479,0.2585551330798479
356,0.34980988593155893,0.34980988593155893,0.34980988593155893,0.3269961977186312,0.3269961977186312,0.3269961977186312,0.3193916349809886,0.3193916349809886,0.3193916349809886,0.26996197718631176,0.26996197718631176,0.26996197718631176
357,0.34600760456273766,0.34600760456273766,0.34600760456273766,0.3231939163498099,0.3231939163498099,0.3231939163498099,0.30798479087452474,0.30798479087452474,0.30798479087452474,0.2623574144486692,0.2623574144486692,0.2623574144486692
358,0.34980988593155893,0.34980988593155893,0.34980988593155893,0.3193916349809886,0.3193916349809886,0.3193916349809886,0.30038022813688214,0.30038022813688214,0.30038022813688214,0.2509505703422053,0.2509505703422053,0.2509505703422053
359,0.35361216730038025,0.35361216730038025,0.35361216730038025,0.3193916349809886,0.3193916349809886,0.3193916349809886,0.3155893536121673,0.3155893536121673,0.3155893536121673,0.25475285171102663,0.25475285171102663,0.25475285171102663
360,0.35361216730038025,0.35361216730038025,0.35361216730038025,0.33079847908745247,0.33079847908745247,0.33079847908745247,0.3193916349809886,0.3193916349809886,0.3193916349809886,0.2661596958174905,0.2661596958174905,0.2661596958174905
361,0.3574144486692015,0.3574144486692015,0.3574144486692015,0.3269961977186312,0.3269961977186312,0.3269961977186312,0.3193916349809886,0.3193916349809886,0.3193916349809886,0.2737642585551331,0.2737642585551331,0.2737642585551331
362,0.34600760456273766,0.34600760456273766,0.34600760456273766,0.3269961977186312,0.3269961977186312,0.3269961977186312,0.3193916349809886,0.3193916349809886,0.3193916349809886,0.27756653992395436,0.27756653992395436,0.27756653992395436
363,0.35361216730038025,0.35361216730038025,0.35361216730038025,0.3269961977186312,0.3269961977186312,0.3269961977186312,0.311787072243346,0.311787072243346,0.311787072243346,0.2661596958174905,0.2661596958174905,0.2661596958174905
364,0.3574144486692015,0.3574144486692015,0.3574144486692015,0.3231939163498099,0.3231939163498099,0.3231939163498099,0.311787072243346,0.311787072243346,0.311787072243346,0.2661596958174905,0.2661596958174905,0.2661596958174905
365,0.34980988593155893,0.34980988593155893,0.34980988593155893,0.3231939163498099,0.3231939163498099,0.3231939163498099,0.311787072243346,0.311787072243346,0.311787072243346,0.26996197718631176,0.26996197718631176,0.26996197718631176
366,0.34980988593155893,0.34980988593155893,0.34980988593155893,0.3155893536121673,0.3155893536121673,0.3155893536121673,0.311787072243346,0.311787072243346,0.311787072243346,0.2661596958174905,0.2661596958174905,0.2661596958174905
367,0.34600760456273766,0.34600760456273766,0.34600760456273766,0.3269961977186312,0.3269961977186312,0.3269961977186312,0.30038022813688214,0.30038022813688214,0.30038022813688214,0.26996197718631176,0.26996197718631176,0.26996197718631176
368,0.34980988593155893,0.34980988593155893,0.34980988593155893,0.3269961977186312,0.3269961977186312,0.3269961977186312,0.3041825095057034,0.3041825095057034,0.3041825095057034,0.2623574144486692,0.2623574144486692,0.2623574144486692
369,0.35361216730038025,0.35361216730038025,0.35361216730038025,0.3269961977186312,0.3269961977186312,0.3269961977186312,0.30798479087452474,0.30798479087452474,0.30798479087452474,0.2623574144486692,0.2623574144486692,0.2623574144486692
370,0.35361216730038025,0.35361216730038025,0.35361216730038025,0.33079847908745247,0.33079847908745247,0.33079847908745247,0.3193916349809886,0.3193916349809886,0.3193916349809886,0.2585551330798479,0.2585551330798479,0.2585551330798479
371,0.3612167300380228,0.3612167300380228,0.3612167300380228,0.3269961977186312,0.3269961977186312,0.3269961977186312,0.311787072243346,0.311787072243346,0.311787072243346,0.2585551330798479,0.2585551330798479,0.2585551330798479
372,0.3612167300380228,0.3612167300380228,0.3612167300380228,0.33079847908745247,0.33079847908745247,0.33079847908745247,0.3193916349809886,0.3193916349809886,0.3193916349809886,0.2585551330798479,0.2585551330798479,0.2585551330798479
373,0.3612167300380228,0.3612167300380228,0.3612167300380228,0.33079847908745247,0.33079847908745247,0.33079847908745247,0.3155893536121673,0.3155893536121673,0.3155893536121673,0.2661596958174905,0.2661596958174905,0.2661596958174905
374,0.3574144486692015,0.3574144486692015,0.3574144486692015,0.3269961977186312,0.3269961977186312,0.3269961977186312,0.3041825095057034,0.3041825095057034,0.3041825095057034,0.25475285171102663,0.25475285171102663,0.25475285171102663
375,0.34980988593155893,0.34980988593155893,0.34980988593155893,0.3231939163498099,0.3231939163498099,0.3231939163498099,0.311787072243346,0.311787072243346,0.311787072243346,0.24334600760456274,0.24334600760456274,0.24334600760456274
376,0.34980988593155893,0.34980988593155893,0.34980988593155893,0.3231939163498099,0.3231939163498099,0.3231939163498099,0.30798479087452474,0.30798479087452474,0.30798479087452474,0.23954372623574144,0.23954372623574144,0.23954372623574144
377,0.3574144486692015,0.3574144486692015,0.3574144486692015,0.3269961977186312,0.3269961977186312,0.3269961977186312,0.3041825095057034,0.3041825095057034,0.3041825095057034,0.25475285171102663,0.25475285171102663,0.25475285171102663
378,0.3574144486692015,0.3574144486692015,0.3574144486692015,0.3231939163498099,0.3231939163498099,0.3231939163498099,0.30038022813688214,0.30038022813688214,0.30038022813688214,0.25475285171102663,0.25475285171102663,0.25475285171102663
379,0.3612167300380228,0.3612167300380228,0.3612167300380228,0.3269961977186312,0.3269961977186312,0.3269961977186312,0.3041825095057034,0.3041825095057034,0.3041825095057034,0.2585551330798479,0.2585551330798479,0.2585551330798479
380,0.3612167300380228,0.3612167300380228,0.3612167300380228,0.3269961977186312,0.3269961977186312,0.3269961977186312,0.30798479087452474,0.30798479087452474,0.30798479087452474,0.2623574144486692,0.2623574144486692,0.2623574144486692
381,0.35361216730038025,0.35361216730038025,0.35361216730038025,0.33079847908745247,0.33079847908745247,0.33079847908745247,0.3155893536121673,0.3155893536121673,0.3155893536121673,0.2623574144486692,0.2623574144486692,0.2623574144486692
382,0.3612167300380228,0.3612167300380228,0.3612167300380228,0.33079847908745247,0.33079847908745247,0.33079847908745247,0.3155893536121673,0.3155893536121673,0.3155893536121673,0.2623574144486692,0.2623574144486692,0.2623574144486692
383,0.3612167300380228,0.3612167300380228,0.3612167300380228,0.33079847908745247,0.33079847908745247,0.33079847908745247,0.30798479087452474,0.30798479087452474,0.30798479087452474,0.25475285171102663,0.25475285171102663,0.25475285171102663
384,0.3650190114068441,0.3650190114068441,0.3650190114068441,0.33460076045627374,0.33460076045627374,0.33460076045627374,0.30798479087452474,0.30798479087452474,0.30798479087452474,0.25475285171102663,0.25475285171102663,0.25475285171102663
385,0.3612167300380228,0.3612167300380228,0.3612167300380228,0.33840304182509506,0.33840304182509506,0.33840304182509506,0.3155893536121673,0.3155893536121673,0.3155893536121673,0.24334600760456274,0.24334600760456274,0.24334600760456274
386,0.3574144486692015,0.3574144486692015,0.3574144486692015,0.33460076045627374,0.33460076045627374,0.33460076045627374,0.3155893536121673,0.3155893536121673,0.3155893536121673,0.25475285171102663,0.25475285171102663,0.25475285171102663
387,0.3574144486692015,0.3574144486692015,0.3574144486692015,0.33079847908745247,0.33079847908745247,0.33079847908745247,0.3155893536121673,0.3155893536121673,0.3155893536121673,0.25475285171102663,0.25475285171102663,0.25475285171102663
388,0.35361216730038025,0.35361216730038025,0.35361216730038025,0.33460076045627374,0.33460076045627374,0.33460076045627374,0.3193916349809886,0.3193916349809886,0.3193916349809886,0.2623574144486692,0.2623574144486692,0.2623574144486692
389,0.3650190114068441,0.3650190114068441,0.3650190114068441,0.33460076045627374,0.33460076045627374,0.33460076045627374,0.311787072243346,0.311787072243346,0.311787072243346,0.2585551330798479,0.2585551330798479,0.2585551330798479
390,0.3688212927756654,0.3688212927756654,0.3688212927756654,0.33840304182509506,0.33840304182509506,0.33840304182509506,0.3155893536121673,0.3155893536121673,0.3155893536121673,0.2509505703422053,0.2509505703422053,0.2509505703422053
391,0.3612167300380228,0.3612167300380228,0.3612167300380228,0.33460076045627374,0.33460076045627374,0.33460076045627374,0.311787072243346,0.311787072243346,0.311787072243346,0.2585551330798479,0.2585551330798479,0.2585551330798479
392,0.35361216730038025,0.35361216730038025,0.35361216730038025,0.33840304182509506,0.33840304182509506,0.33840304182509506,0.3155893536121673,0.3155893536121673,0.3155893536121673,0.24334600760456274,0.24334600760456274,0.24334600760456274
393,0.35361216730038025,0.35361216730038025,0.35361216730038025,0.34220532319391633,0.34220532319391633,0.34220532319391633,0.3155893536121673,0.3155893536121673,0.3155893536121673,0.2737642585551331,0.2737642585551331,0.2737642585551331
394,0.3688212927756654,0.3688212927756654,0.3688212927756654,0.33460076045627374,0.33460076045627374,0.33460076045627374,0.3193916349809886,0.3193916349809886,0.3193916349809886,0.2661596958174905,0.2661596958174905,0.2661596958174905
395,0.3688212927756654,0.3688212927756654,0.3688212927756654,0.33840304182509506,0.33840304182509506,0.33840304182509506,0.3231939163498099,0.3231939163498099,0.3231939163498099,0.2737642585551331,0.2737642585551331,0.2737642585551331
396,0.3688212927756654,0.3688212927756654,0.3688212927756654,0.3269961977186312,0.3269961977186312,0.3269961977186312,0.3231939163498099,0.3231939163498099,0.3231939163498099,0.26996197718631176,0.26996197718631176,0.26996197718631176
397,0.3726235741444867,0.3726235741444867,0.3726235741444867,0.33079847908745247,0.33079847908745247,0.33079847908745247,0.3231939163498099,0.3231939163498099,0.3231939163498099,0.26996197718631176,0.26996197718631176,0.26996197718631176
398,0.3726235741444867,0.3726235741444867,0.3726235741444867,0.33460076045627374,0.33460076045627374,0.33460076045627374,0.33460076045627374,0.33460076045627374,0.33460076045627374,0.26996197718631176,0.26996197718631176,0.26996197718631176
399,0.3612167300380228,0.3612167300380228,0.3612167300380228,0.33840304182509506,0.33840304182509506,0.33840304182509506,0.3269961977186312,0.3269961977186312,0.3269961977186312,0.2623574144486692,0.2623574144486692,0.2623574144486692