Step,r_msmarco_bm_50_5000_ff - accuracy,r_msmarco_bm_50_5000_ff - accuracy__MIN,r_msmarco_bm_50_5000_ff - accuracy__MAX,r_msmarco_bm_10_5000_ff - accuracy,r_msmarco_bm_10_5000_ff - accuracy__MIN,r_msmarco_bm_10_5000_ff - accuracy__MAX,r_msmarco_bm_5_5000_ff - accuracy,r_msmarco_bm_5_5000_ff - accuracy__MIN,r_msmarco_bm_5_5000_ff - accuracy__MAX,r_msmarco_bm_1_5000_ff - accuracy,r_msmarco_bm_1_5000_ff - accuracy__MIN,r_msmarco_bm_1_5000_ff - accuracy__MAX
0,0.20532319391634982,0.20532319391634982,0.20532319391634982,0.18250950570342206,0.18250950570342206,0.18250950570342206,0.1634980988593156,0.1634980988593156,0.1634980988593156,0.155893536121673,0.155893536121673,0.155893536121673
1,0.23954372623574144,0.23954372623574144,0.23954372623574144,0.19391634980988592,0.19391634980988592,0.19391634980988592,0.18250950570342206,0.18250950570342206,0.18250950570342206,0.17110266159695817,0.17110266159695817,0.17110266159695817
2,0.23574144486692014,0.23574144486692014,0.23574144486692014,0.17870722433460076,0.17870722433460076,0.17870722433460076,0.1634980988593156,0.1634980988593156,0.1634980988593156,0.17110266159695817,0.17110266159695817,0.17110266159695817
3,0.22053231939163498,0.22053231939163498,0.22053231939163498,0.18250950570342206,0.18250950570342206,0.18250950570342206,0.16730038022813687,0.16730038022813687,0.16730038022813687,0.155893536121673,0.155893536121673,0.155893536121673
4,0.22813688212927757,0.22813688212927757,0.22813688212927757,0.18250950570342206,0.18250950570342206,0.18250950570342206,0.17110266159695817,0.17110266159695817,0.17110266159695817,0.1596958174904943,0.1596958174904943,0.1596958174904943
5,0.22053231939163498,0.22053231939163498,0.22053231939163498,0.17490494296577946,0.17490494296577946,0.17490494296577946,0.1596958174904943,0.1596958174904943,0.1596958174904943,0.1596958174904943,0.1596958174904943,0.1596958174904943
6,0.20532319391634982,0.20532319391634982,0.20532319391634982,0.17490494296577946,0.17490494296577946,0.17490494296577946,0.1596958174904943,0.1596958174904943,0.1596958174904943,0.1520912547528517,0.1520912547528517,0.1520912547528517
7,0.20532319391634982,0.20532319391634982,0.20532319391634982,0.16730038022813687,0.16730038022813687,0.16730038022813687,0.1634980988593156,0.1634980988593156,0.1634980988593156,0.1596958174904943,0.1596958174904943,0.1596958174904943
8,0.21292775665399238,0.21292775665399238,0.21292775665399238,0.17870722433460076,0.17870722433460076,0.17870722433460076,0.17490494296577946,0.17490494296577946,0.17490494296577946,0.155893536121673,0.155893536121673,0.155893536121673
9,0.23954372623574144,0.23954372623574144,0.23954372623574144,0.19391634980988592,0.19391634980988592,0.19391634980988592,0.17110266159695817,0.17110266159695817,0.17110266159695817,0.155893536121673,0.155893536121673,0.155893536121673
10,0.23954372623574144,0.23954372623574144,0.23954372623574144,0.19391634980988592,0.19391634980988592,0.19391634980988592,0.17110266159695817,0.17110266159695817,0.17110266159695817,0.1596958174904943,0.1596958174904943,0.1596958174904943
11,0.2585551330798479,0.2585551330798479,0.2585551330798479,0.19391634980988592,0.19391634980988592,0.19391634980988592,0.17490494296577946,0.17490494296577946,0.17490494296577946,0.155893536121673,0.155893536121673,0.155893536121673
12,0.2585551330798479,0.2585551330798479,0.2585551330798479,0.19391634980988592,0.19391634980988592,0.19391634980988592,0.17870722433460076,0.17870722433460076,0.17870722433460076,0.1634980988593156,0.1634980988593156,0.1634980988593156
13,0.23574144486692014,0.23574144486692014,0.23574144486692014,0.18250950570342206,0.18250950570342206,0.18250950570342206,0.19771863117870722,0.19771863117870722,0.19771863117870722,0.18250950570342206,0.18250950570342206,0.18250950570342206
14,0.2509505703422053,0.2509505703422053,0.2509505703422053,0.19771863117870722,0.19771863117870722,0.19771863117870722,0.20532319391634982,0.20532319391634982,0.20532319391634982,0.18631178707224336,0.18631178707224336,0.18631178707224336
15,0.23574144486692014,0.23574144486692014,0.23574144486692014,0.20152091254752852,0.20152091254752852,0.20152091254752852,0.20532319391634982,0.20532319391634982,0.20532319391634982,0.18631178707224336,0.18631178707224336,0.18631178707224336
16,0.23193916349809887,0.23193916349809887,0.23193916349809887,0.19011406844106463,0.19011406844106463,0.19011406844106463,0.19771863117870722,0.19771863117870722,0.19771863117870722,0.17110266159695817,0.17110266159695817,0.17110266159695817
17,0.22813688212927757,0.22813688212927757,0.22813688212927757,0.18631178707224336,0.18631178707224336,0.18631178707224336,0.20912547528517111,0.20912547528517111,0.20912547528517111,0.18250950570342206,0.18250950570342206,0.18250950570342206
18,0.25475285171102663,0.25475285171102663,0.25475285171102663,0.19011406844106463,0.19011406844106463,0.19011406844106463,0.20912547528517111,0.20912547528517111,0.20912547528517111,0.17110266159695817,0.17110266159695817,0.17110266159695817
19,0.2585551330798479,0.2585551330798479,0.2585551330798479,0.22433460076045628,0.22433460076045628,0.22433460076045628,0.20152091254752852,0.20152091254752852,0.20152091254752852,0.18250950570342206,0.18250950570342206,0.18250950570342206
20,0.2585551330798479,0.2585551330798479,0.2585551330798479,0.21292775665399238,0.21292775665399238,0.21292775665399238,0.20532319391634982,0.20532319391634982,0.20532319391634982,0.17490494296577946,0.17490494296577946,0.17490494296577946
21,0.2661596958174905,0.2661596958174905,0.2661596958174905,0.22053231939163498,0.22053231939163498,0.22053231939163498,0.19391634980988592,0.19391634980988592,0.19391634980988592,0.18250950570342206,0.18250950570342206,0.18250950570342206
22,0.25475285171102663,0.25475285171102663,0.25475285171102663,0.21673003802281368,0.21673003802281368,0.21673003802281368,0.20912547528517111,0.20912547528517111,0.20912547528517111,0.16730038022813687,0.16730038022813687,0.16730038022813687
23,0.2623574144486692,0.2623574144486692,0.2623574144486692,0.22053231939163498,0.22053231939163498,0.22053231939163498,0.21673003802281368,0.21673003802281368,0.21673003802281368,0.18631178707224336,0.18631178707224336,0.18631178707224336
24,0.2889733840304182,0.2889733840304182,0.2889733840304182,0.21673003802281368,0.21673003802281368,0.21673003802281368,0.21673003802281368,0.21673003802281368,0.21673003802281368,0.18631178707224336,0.18631178707224336,0.18631178707224336
25,0.2889733840304182,0.2889733840304182,0.2889733840304182,0.20912547528517111,0.20912547528517111,0.20912547528517111,0.20912547528517111,0.20912547528517111,0.20912547528517111,0.17870722433460076,0.17870722433460076,0.17870722433460076
26,0.2737642585551331,0.2737642585551331,0.2737642585551331,0.22813688212927757,0.22813688212927757,0.22813688212927757,0.21292775665399238,0.21292775665399238,0.21292775665399238,0.18631178707224336,0.18631178707224336,0.18631178707224336
27,0.27756653992395436,0.27756653992395436,0.27756653992395436,0.22433460076045628,0.22433460076045628,0.22433460076045628,0.20912547528517111,0.20912547528517111,0.20912547528517111,0.19391634980988592,0.19391634980988592,0.19391634980988592
28,0.2813688212927757,0.2813688212927757,0.2813688212927757,0.22813688212927757,0.22813688212927757,0.22813688212927757,0.22053231939163498,0.22053231939163498,0.22053231939163498,0.19011406844106463,0.19011406844106463,0.19011406844106463
29,0.2813688212927757,0.2813688212927757,0.2813688212927757,0.23954372623574144,0.23954372623574144,0.23954372623574144,0.21673003802281368,0.21673003802281368,0.21673003802281368,0.20152091254752852,0.20152091254752852,0.20152091254752852
30,0.2889733840304182,0.2889733840304182,0.2889733840304182,0.22813688212927757,0.22813688212927757,0.22813688212927757,0.22813688212927757,0.22813688212927757,0.22813688212927757,0.19011406844106463,0.19011406844106463,0.19011406844106463
31,0.28517110266159695,0.28517110266159695,0.28517110266159695,0.22053231939163498,0.22053231939163498,0.22053231939163498,0.22053231939163498,0.22053231939163498,0.22053231939163498,0.18631178707224336,0.18631178707224336,0.18631178707224336
32,0.30038022813688214,0.30038022813688214,0.30038022813688214,0.22433460076045628,0.22433460076045628,0.22433460076045628,0.22813688212927757,0.22813688212927757,0.22813688212927757,0.18250950570342206,0.18250950570342206,0.18250950570342206
33,0.29277566539923955,0.29277566539923955,0.29277566539923955,0.23193916349809887,0.23193916349809887,0.23193916349809887,0.22813688212927757,0.22813688212927757,0.22813688212927757,0.19771863117870722,0.19771863117870722,0.19771863117870722
34,0.2889733840304182,0.2889733840304182,0.2889733840304182,0.23193916349809887,0.23193916349809887,0.23193916349809887,0.23193916349809887,0.23193916349809887,0.23193916349809887,0.21292775665399238,0.21292775665399238,0.21292775665399238
35,0.2965779467680608,0.2965779467680608,0.2965779467680608,0.23954372623574144,0.23954372623574144,0.23954372623574144,0.23193916349809887,0.23193916349809887,0.23193916349809887,0.21292775665399238,0.21292775665399238,0.21292775665399238
36,0.2965779467680608,0.2965779467680608,0.2965779467680608,0.23193916349809887,0.23193916349809887,0.23193916349809887,0.22053231939163498,0.22053231939163498,0.22053231939163498,0.19011406844106463,0.19011406844106463,0.19011406844106463
37,0.29277566539923955,0.29277566539923955,0.29277566539923955,0.23954372623574144,0.23954372623574144,0.23954372623574144,0.23574144486692014,0.23574144486692014,0.23574144486692014,0.20912547528517111,0.20912547528517111,0.20912547528517111
38,0.29277566539923955,0.29277566539923955,0.29277566539923955,0.23574144486692014,0.23574144486692014,0.23574144486692014,0.24714828897338403,0.24714828897338403,0.24714828897338403,0.23193916349809887,0.23193916349809887,0.23193916349809887
39,0.2813688212927757,0.2813688212927757,0.2813688212927757,0.24334600760456274,0.24334600760456274,0.24334600760456274,0.24714828897338403,0.24714828897338403,0.24714828897338403,0.21292775665399238,0.21292775665399238,0.21292775665399238
40,0.2965779467680608,0.2965779467680608,0.2965779467680608,0.23954372623574144,0.23954372623574144,0.23954372623574144,0.2509505703422053,0.2509505703422053,0.2509505703422053,0.22433460076045628,0.22433460076045628,0.22433460076045628
41,0.30038022813688214,0.30038022813688214,0.30038022813688214,0.24714828897338403,0.24714828897338403,0.24714828897338403,0.2661596958174905,0.2661596958174905,0.2661596958174905,0.22433460076045628,0.22433460076045628,0.22433460076045628
42,0.2889733840304182,0.2889733840304182,0.2889733840304182,0.24334600760456274,0.24334600760456274,0.24334600760456274,0.25475285171102663,0.25475285171102663,0.25475285171102663,0.22433460076045628,0.22433460076045628,0.22433460076045628
43,0.27756653992395436,0.27756653992395436,0.27756653992395436,0.23574144486692014,0.23574144486692014,0.23574144486692014,0.25475285171102663,0.25475285171102663,0.25475285171102663,0.23193916349809887,0.23193916349809887,0.23193916349809887
44,0.28517110266159695,0.28517110266159695,0.28517110266159695,0.23574144486692014,0.23574144486692014,0.23574144486692014,0.2585551330798479,0.2585551330798479,0.2585551330798479,0.21673003802281368,0.21673003802281368,0.21673003802281368
45,0.2813688212927757,0.2813688212927757,0.2813688212927757,0.24714828897338403,0.24714828897338403,0.24714828897338403,0.24714828897338403,0.24714828897338403,0.24714828897338403,0.22053231939163498,0.22053231939163498,0.22053231939163498
46,0.30038022813688214,0.30038022813688214,0.30038022813688214,0.2585551330798479,0.2585551330798479,0.2585551330798479,0.25475285171102663,0.25475285171102663,0.25475285171102663,0.22053231939163498,0.22053231939163498,0.22053231939163498
47,0.311787072243346,0.311787072243346,0.311787072243346,0.25475285171102663,0.25475285171102663,0.25475285171102663,0.2509505703422053,0.2509505703422053,0.2509505703422053,0.21292775665399238,0.21292775665399238,0.21292775665399238
48,0.3041825095057034,0.3041825095057034,0.3041825095057034,0.24334600760456274,0.24334600760456274,0.24334600760456274,0.25475285171102663,0.25475285171102663,0.25475285171102663,0.21673003802281368,0.21673003802281368,0.21673003802281368
49,0.29277566539923955,0.29277566539923955,0.29277566539923955,0.24334600760456274,0.24334600760456274,0.24334600760456274,0.2509505703422053,0.2509505703422053,0.2509505703422053,0.22433460076045628,0.22433460076045628,0.22433460076045628
50,0.2889733840304182,0.2889733840304182,0.2889733840304182,0.23574144486692014,0.23574144486692014,0.23574144486692014,0.23954372623574144,0.23954372623574144,0.23954372623574144,0.21292775665399238,0.21292775665399238,0.21292775665399238
51,0.2965779467680608,0.2965779467680608,0.2965779467680608,0.24334600760456274,0.24334600760456274,0.24334600760456274,0.24334600760456274,0.24334600760456274,0.24334600760456274,0.21673003802281368,0.21673003802281368,0.21673003802281368
52,0.2889733840304182,0.2889733840304182,0.2889733840304182,0.23574144486692014,0.23574144486692014,0.23574144486692014,0.2509505703422053,0.2509505703422053,0.2509505703422053,0.22053231939163498,0.22053231939163498,0.22053231939163498
53,0.2965779467680608,0.2965779467680608,0.2965779467680608,0.23193916349809887,0.23193916349809887,0.23193916349809887,0.23954372623574144,0.23954372623574144,0.23954372623574144,0.21673003802281368,0.21673003802281368,0.21673003802281368
54,0.2889733840304182,0.2889733840304182,0.2889733840304182,0.23574144486692014,0.23574144486692014,0.23574144486692014,0.24334600760456274,0.24334600760456274,0.24334600760456274,0.22433460076045628,0.22433460076045628,0.22433460076045628
55,0.29277566539923955,0.29277566539923955,0.29277566539923955,0.23574144486692014,0.23574144486692014,0.23574144486692014,0.2585551330798479,0.2585551330798479,0.2585551330798479,0.22053231939163498,0.22053231939163498,0.22053231939163498
56,0.28517110266159695,0.28517110266159695,0.28517110266159695,0.24334600760456274,0.24334600760456274,0.24334600760456274,0.2623574144486692,0.2623574144486692,0.2623574144486692,0.21673003802281368,0.21673003802281368,0.21673003802281368
57,0.29277566539923955,0.29277566539923955,0.29277566539923955,0.2509505703422053,0.2509505703422053,0.2509505703422053,0.24334600760456274,0.24334600760456274,0.24334600760456274,0.22813688212927757,0.22813688212927757,0.22813688212927757
58,0.30038022813688214,0.30038022813688214,0.30038022813688214,0.25475285171102663,0.25475285171102663,0.25475285171102663,0.2585551330798479,0.2585551330798479,0.2585551330798479,0.22813688212927757,0.22813688212927757,0.22813688212927757
59,0.3231939163498099,0.3231939163498099,0.3231939163498099,0.2623574144486692,0.2623574144486692,0.2623574144486692,0.2585551330798479,0.2585551330798479,0.2585551330798479,0.20152091254752852,0.20152091254752852,0.20152091254752852
60,0.3193916349809886,0.3193916349809886,0.3193916349809886,0.2509505703422053,0.2509505703422053,0.2509505703422053,0.2509505703422053,0.2509505703422053,0.2509505703422053,0.22053231939163498,0.22053231939163498,0.22053231939163498
61,0.33079847908745247,0.33079847908745247,0.33079847908745247,0.25475285171102663,0.25475285171102663,0.25475285171102663,0.2509505703422053,0.2509505703422053,0.2509505703422053,0.22433460076045628,0.22433460076045628,0.22433460076045628
62,0.3193916349809886,0.3193916349809886,0.3193916349809886,0.25475285171102663,0.25475285171102663,0.25475285171102663,0.2623574144486692,0.2623574144486692,0.2623574144486692,0.22053231939163498,0.22053231939163498,0.22053231939163498
63,0.311787072243346,0.311787072243346,0.311787072243346,0.2661596958174905,0.2661596958174905,0.2661596958174905,0.2661596958174905,0.2661596958174905,0.2661596958174905,0.21673003802281368,0.21673003802281368,0.21673003802281368
64,0.30798479087452474,0.30798479087452474,0.30798479087452474,0.2661596958174905,0.2661596958174905,0.2661596958174905,0.2737642585551331,0.2737642585551331,0.2737642585551331,0.22053231939163498,0.22053231939163498,0.22053231939163498
65,0.2965779467680608,0.2965779467680608,0.2965779467680608,0.25475285171102663,0.25475285171102663,0.25475285171102663,0.2661596958174905,0.2661596958174905,0.2661596958174905,0.23193916349809887,0.23193916349809887,0.23193916349809887
66,0.3193916349809886,0.3193916349809886,0.3193916349809886,0.2661596958174905,0.2661596958174905,0.2661596958174905,0.26996197718631176,0.26996197718631176,0.26996197718631176,0.22813688212927757,0.22813688212927757,0.22813688212927757
67,0.3193916349809886,0.3193916349809886,0.3193916349809886,0.26996197718631176,0.26996197718631176,0.26996197718631176,0.26996197718631176,0.26996197718631176,0.26996197718631176,0.23574144486692014,0.23574144486692014,0.23574144486692014
68,0.3193916349809886,0.3193916349809886,0.3193916349809886,0.2737642585551331,0.2737642585551331,0.2737642585551331,0.27756653992395436,0.27756653992395436,0.27756653992395436,0.23193916349809887,0.23193916349809887,0.23193916349809887
69,0.311787072243346,0.311787072243346,0.311787072243346,0.2661596958174905,0.2661596958174905,0.2661596958174905,0.2661596958174905,0.2661596958174905,0.2661596958174905,0.24714828897338403,0.24714828897338403,0.24714828897338403
70,0.3041825095057034,0.3041825095057034,0.3041825095057034,0.2661596958174905,0.2661596958174905,0.2661596958174905,0.2737642585551331,0.2737642585551331,0.2737642585551331,0.24714828897338403,0.24714828897338403,0.24714828897338403
71,0.3155893536121673,0.3155893536121673,0.3155893536121673,0.2737642585551331,0.2737642585551331,0.2737642585551331,0.2623574144486692,0.2623574144486692,0.2623574144486692,0.24334600760456274,0.24334600760456274,0.24334600760456274
72,0.30798479087452474,0.30798479087452474,0.30798479087452474,0.2661596958174905,0.2661596958174905,0.2661596958174905,0.26996197718631176,0.26996197718631176,0.26996197718631176,0.24334600760456274,0.24334600760456274,0.24334600760456274
73,0.3231939163498099,0.3231939163498099,0.3231939163498099,0.2661596958174905,0.2661596958174905,0.2661596958174905,0.26996197718631176,0.26996197718631176,0.26996197718631176,0.23954372623574144,0.23954372623574144,0.23954372623574144
74,0.33460076045627374,0.33460076045627374,0.33460076045627374,0.2661596958174905,0.2661596958174905,0.2661596958174905,0.2661596958174905,0.2661596958174905,0.2661596958174905,0.23574144486692014,0.23574144486692014,0.23574144486692014
75,0.3193916349809886,0.3193916349809886,0.3193916349809886,0.2737642585551331,0.2737642585551331,0.2737642585551331,0.2661596958174905,0.2661596958174905,0.2661596958174905,0.24334600760456274,0.24334600760456274,0.24334600760456274
76,0.3155893536121673,0.3155893536121673,0.3155893536121673,0.2661596958174905,0.2661596958174905,0.2661596958174905,0.2623574144486692,0.2623574144486692,0.2623574144486692,0.25475285171102663,0.25475285171102663,0.25475285171102663
77,0.30038022813688214,0.30038022813688214,0.30038022813688214,0.2737642585551331,0.2737642585551331,0.2737642585551331,0.2737642585551331,0.2737642585551331,0.2737642585551331,0.24714828897338403,0.24714828897338403,0.24714828897338403
78,0.3269961977186312,0.3269961977186312,0.3269961977186312,0.27756653992395436,0.27756653992395436,0.27756653992395436,0.2737642585551331,0.2737642585551331,0.2737642585551331,0.24714828897338403,0.24714828897338403,0.24714828897338403
79,0.33079847908745247,0.33079847908745247,0.33079847908745247,0.27756653992395436,0.27756653992395436,0.27756653992395436,0.28517110266159695,0.28517110266159695,0.28517110266159695,0.2661596958174905,0.2661596958174905,0.2661596958174905
80,0.3231939163498099,0.3231939163498099,0.3231939163498099,0.27756653992395436,0.27756653992395436,0.27756653992395436,0.27756653992395436,0.27756653992395436,0.27756653992395436,0.27756653992395436,0.27756653992395436,0.27756653992395436
81,0.3269961977186312,0.3269961977186312,0.3269961977186312,0.2737642585551331,0.2737642585551331,0.2737642585551331,0.2737642585551331,0.2737642585551331,0.2737642585551331,0.25475285171102663,0.25475285171102663,0.25475285171102663
82,0.3231939163498099,0.3231939163498099,0.3231939163498099,0.2737642585551331,0.2737642585551331,0.2737642585551331,0.2623574144486692,0.2623574144486692,0.2623574144486692,0.23954372623574144,0.23954372623574144,0.23954372623574144
83,0.33079847908745247,0.33079847908745247,0.33079847908745247,0.28517110266159695,0.28517110266159695,0.28517110266159695,0.26996197718631176,0.26996197718631176,0.26996197718631176,0.23954372623574144,0.23954372623574144,0.23954372623574144
84,0.33840304182509506,0.33840304182509506,0.33840304182509506,0.28517110266159695,0.28517110266159695,0.28517110266159695,0.2737642585551331,0.2737642585551331,0.2737642585551331,0.24714828897338403,0.24714828897338403,0.24714828897338403
85,0.34220532319391633,0.34220532319391633,0.34220532319391633,0.2889733840304182,0.2889733840304182,0.2889733840304182,0.27756653992395436,0.27756653992395436,0.27756653992395436,0.25475285171102663,0.25475285171102663,0.25475285171102663
86,0.33460076045627374,0.33460076045627374,0.33460076045627374,0.2889733840304182,0.2889733840304182,0.2889733840304182,0.26996197718631176,0.26996197718631176,0.26996197718631176,0.2509505703422053,0.2509505703422053,0.2509505703422053
87,0.33079847908745247,0.33079847908745247,0.33079847908745247,0.2737642585551331,0.2737642585551331,0.2737642585551331,0.27756653992395436,0.27756653992395436,0.27756653992395436,0.2623574144486692,0.2623574144486692,0.2623574144486692
88,0.33460076045627374,0.33460076045627374,0.33460076045627374,0.2813688212927757,0.2813688212927757,0.2813688212927757,0.27756653992395436,0.27756653992395436,0.27756653992395436,0.2623574144486692,0.2623574144486692,0.2623574144486692
89,0.33840304182509506,0.33840304182509506,0.33840304182509506,0.2889733840304182,0.2889733840304182,0.2889733840304182,0.27756653992395436,0.27756653992395436,0.27756653992395436,0.2585551330798479,0.2585551330798479,0.2585551330798479
90,0.33460076045627374,0.33460076045627374,0.33460076045627374,0.2889733840304182,0.2889733840304182,0.2889733840304182,0.28517110266159695,0.28517110266159695,0.28517110266159695,0.2509505703422053,0.2509505703422053,0.2509505703422053
91,0.33840304182509506,0.33840304182509506,0.33840304182509506,0.28517110266159695,0.28517110266159695,0.28517110266159695,0.2737642585551331,0.2737642585551331,0.2737642585551331,0.24714828897338403,0.24714828897338403,0.24714828897338403
92,0.33460076045627374,0.33460076045627374,0.33460076045627374,0.2813688212927757,0.2813688212927757,0.2813688212927757,0.26996197718631176,0.26996197718631176,0.26996197718631176,0.25475285171102663,0.25475285171102663,0.25475285171102663
93,0.33840304182509506,0.33840304182509506,0.33840304182509506,0.28517110266159695,0.28517110266159695,0.28517110266159695,0.27756653992395436,0.27756653992395436,0.27756653992395436,0.2509505703422053,0.2509505703422053,0.2509505703422053
94,0.33079847908745247,0.33079847908745247,0.33079847908745247,0.28517110266159695,0.28517110266159695,0.28517110266159695,0.2737642585551331,0.2737642585551331,0.2737642585551331,0.24334600760456274,0.24334600760456274,0.24334600760456274
95,0.3193916349809886,0.3193916349809886,0.3193916349809886,0.2737642585551331,0.2737642585551331,0.2737642585551331,0.26996197718631176,0.26996197718631176,0.26996197718631176,0.2585551330798479,0.2585551330798479,0.2585551330798479
96,0.3193916349809886,0.3193916349809886,0.3193916349809886,0.2813688212927757,0.2813688212927757,0.2813688212927757,0.2737642585551331,0.2737642585551331,0.2737642585551331,0.2585551330798479,0.2585551330798479,0.2585551330798479
97,0.3269961977186312,0.3269961977186312,0.3269961977186312,0.2889733840304182,0.2889733840304182,0.2889733840304182,0.2737642585551331,0.2737642585551331,0.2737642585551331,0.2623574144486692,0.2623574144486692,0.2623574144486692
98,0.3193916349809886,0.3193916349809886,0.3193916349809886,0.2889733840304182,0.2889733840304182,0.2889733840304182,0.2813688212927757,0.2813688212927757,0.2813688212927757,0.2585551330798479,0.2585551330798479,0.2585551330798479
99,0.33460076045627374,0.33460076045627374,0.33460076045627374,0.29277566539923955,0.29277566539923955,0.29277566539923955,0.2813688212927757,0.2813688212927757,0.2813688212927757,0.2585551330798479,0.2585551330798479,0.2585551330798479
100,0.33079847908745247,0.33079847908745247,0.33079847908745247,0.28517110266159695,0.28517110266159695,0.28517110266159695,0.27756653992395436,0.27756653992395436,0.27756653992395436,0.24334600760456274,0.24334600760456274,0.24334600760456274
101,0.3193916349809886,0.3193916349809886,0.3193916349809886,0.29277566539923955,0.29277566539923955,0.29277566539923955,0.2813688212927757,0.2813688212927757,0.2813688212927757,0.2623574144486692,0.2623574144486692,0.2623574144486692
102,0.3231939163498099,0.3231939163498099,0.3231939163498099,0.2813688212927757,0.2813688212927757,0.2813688212927757,0.2737642585551331,0.2737642585551331,0.2737642585551331,0.2661596958174905,0.2661596958174905,0.2661596958174905
103,0.3193916349809886,0.3193916349809886,0.3193916349809886,0.2965779467680608,0.2965779467680608,0.2965779467680608,0.27756653992395436,0.27756653992395436,0.27756653992395436,0.24334600760456274,0.24334600760456274,0.24334600760456274
104,0.3155893536121673,0.3155893536121673,0.3155893536121673,0.2813688212927757,0.2813688212927757,0.2813688212927757,0.2813688212927757,0.2813688212927757,0.2813688212927757,0.23193916349809887,0.23193916349809887,0.23193916349809887
105,0.3231939163498099,0.3231939163498099,0.3231939163498099,0.28517110266159695,0.28517110266159695,0.28517110266159695,0.26996197718631176,0.26996197718631176,0.26996197718631176,0.23954372623574144,0.23954372623574144,0.23954372623574144
106,0.3193916349809886,0.3193916349809886,0.3193916349809886,0.28517110266159695,0.28517110266159695,0.28517110266159695,0.2661596958174905,0.2661596958174905,0.2661596958174905,0.23574144486692014,0.23574144486692014,0.23574144486692014
107,0.311787072243346,0.311787072243346,0.311787072243346,0.2889733840304182,0.2889733840304182,0.2889733840304182,0.26996197718631176,0.26996197718631176,0.26996197718631176,0.23954372623574144,0.23954372623574144,0.23954372623574144
108,0.3155893536121673,0.3155893536121673,0.3155893536121673,0.27756653992395436,0.27756653992395436,0.27756653992395436,0.27756653992395436,0.27756653992395436,0.27756653992395436,0.2623574144486692,0.2623574144486692,0.2623574144486692
109,0.3193916349809886,0.3193916349809886,0.3193916349809886,0.28517110266159695,0.28517110266159695,0.28517110266159695,0.27756653992395436,0.27756653992395436,0.27756653992395436,0.25475285171102663,0.25475285171102663,0.25475285171102663
110,0.33460076045627374,0.33460076045627374,0.33460076045627374,0.2889733840304182,0.2889733840304182,0.2889733840304182,0.2737642585551331,0.2737642585551331,0.2737642585551331,0.23193916349809887,0.23193916349809887,0.23193916349809887
111,0.3193916349809886,0.3193916349809886,0.3193916349809886,0.27756653992395436,0.27756653992395436,0.27756653992395436,0.2661596958174905,0.2661596958174905,0.2661596958174905,0.22813688212927757,0.22813688212927757,0.22813688212927757
112,0.3193916349809886,0.3193916349809886,0.3193916349809886,0.28517110266159695,0.28517110266159695,0.28517110266159695,0.2661596958174905,0.2661596958174905,0.2661596958174905,0.24714828897338403,0.24714828897338403,0.24714828897338403
113,0.33460076045627374,0.33460076045627374,0.33460076045627374,0.2965779467680608,0.2965779467680608,0.2965779467680608,0.2737642585551331,0.2737642585551331,0.2737642585551331,0.24714828897338403,0.24714828897338403,0.24714828897338403
114,0.33460076045627374,0.33460076045627374,0.33460076045627374,0.3041825095057034,0.3041825095057034,0.3041825095057034,0.27756653992395436,0.27756653992395436,0.27756653992395436,0.24714828897338403,0.24714828897338403,0.24714828897338403
115,0.33460076045627374,0.33460076045627374,0.33460076045627374,0.30038022813688214,0.30038022813688214,0.30038022813688214,0.26996197718631176,0.26996197718631176,0.26996197718631176,0.23954372623574144,0.23954372623574144,0.23954372623574144
116,0.33460076045627374,0.33460076045627374,0.33460076045627374,0.30798479087452474,0.30798479087452474,0.30798479087452474,0.26996197718631176,0.26996197718631176,0.26996197718631176,0.23574144486692014,0.23574144486692014,0.23574144486692014
117,0.34220532319391633,0.34220532319391633,0.34220532319391633,0.2965779467680608,0.2965779467680608,0.2965779467680608,0.2813688212927757,0.2813688212927757,0.2813688212927757,0.23954372623574144,0.23954372623574144,0.23954372623574144
118,0.33460076045627374,0.33460076045627374,0.33460076045627374,0.311787072243346,0.311787072243346,0.311787072243346,0.26996197718631176,0.26996197718631176,0.26996197718631176,0.23954372623574144,0.23954372623574144,0.23954372623574144
119,0.33460076045627374,0.33460076045627374,0.33460076045627374,0.2965779467680608,0.2965779467680608,0.2965779467680608,0.28517110266159695,0.28517110266159695,0.28517110266159695,0.23193916349809887,0.23193916349809887,0.23193916349809887
120,0.3269961977186312,0.3269961977186312,0.3269961977186312,0.30038022813688214,0.30038022813688214,0.30038022813688214,0.27756653992395436,0.27756653992395436,0.27756653992395436,0.2623574144486692,0.2623574144486692,0.2623574144486692
121,0.33460076045627374,0.33460076045627374,0.33460076045627374,0.30798479087452474,0.30798479087452474,0.30798479087452474,0.28517110266159695,0.28517110266159695,0.28517110266159695,0.25475285171102663,0.25475285171102663,0.25475285171102663
122,0.33079847908745247,0.33079847908745247,0.33079847908745247,0.311787072243346,0.311787072243346,0.311787072243346,0.2813688212927757,0.2813688212927757,0.2813688212927757,0.2509505703422053,0.2509505703422053,0.2509505703422053
123,0.33460076045627374,0.33460076045627374,0.33460076045627374,0.30798479087452474,0.30798479087452474,0.30798479087452474,0.27756653992395436,0.27756653992395436,0.27756653992395436,0.2585551330798479,0.2585551330798479,0.2585551330798479
124,0.33840304182509506,0.33840304182509506,0.33840304182509506,0.3041825095057034,0.3041825095057034,0.3041825095057034,0.27756653992395436,0.27756653992395436,0.27756653992395436,0.2585551330798479,0.2585551330798479,0.2585551330798479
125,0.33840304182509506,0.33840304182509506,0.33840304182509506,0.29277566539923955,0.29277566539923955,0.29277566539923955,0.2813688212927757,0.2813688212927757,0.2813688212927757,0.25475285171102663,0.25475285171102663,0.25475285171102663
126,0.34220532319391633,0.34220532319391633,0.34220532319391633,0.2965779467680608,0.2965779467680608,0.2965779467680608,0.28517110266159695,0.28517110266159695,0.28517110266159695,0.25475285171102663,0.25475285171102663,0.25475285171102663
127,0.33460076045627374,0.33460076045627374,0.33460076045627374,0.2965779467680608,0.2965779467680608,0.2965779467680608,0.2889733840304182,0.2889733840304182,0.2889733840304182,0.2585551330798479,0.2585551330798479,0.2585551330798479
128,0.33840304182509506,0.33840304182509506,0.33840304182509506,0.29277566539923955,0.29277566539923955,0.29277566539923955,0.2813688212927757,0.2813688212927757,0.2813688212927757,0.24334600760456274,0.24334600760456274,0.24334600760456274
129,0.3269961977186312,0.3269961977186312,0.3269961977186312,0.29277566539923955,0.29277566539923955,0.29277566539923955,0.27756653992395436,0.27756653992395436,0.27756653992395436,0.24334600760456274,0.24334600760456274,0.24334600760456274
130,0.3269961977186312,0.3269961977186312,0.3269961977186312,0.30038022813688214,0.30038022813688214,0.30038022813688214,0.29277566539923955,0.29277566539923955,0.29277566539923955,0.25475285171102663,0.25475285171102663,0.25475285171102663
131,0.33460076045627374,0.33460076045627374,0.33460076045627374,0.3041825095057034,0.3041825095057034,0.3041825095057034,0.29277566539923955,0.29277566539923955,0.29277566539923955,0.2623574144486692,0.2623574144486692,0.2623574144486692
132,0.33079847908745247,0.33079847908745247,0.33079847908745247,0.30798479087452474,0.30798479087452474,0.30798479087452474,0.2965779467680608,0.2965779467680608,0.2965779467680608,0.2509505703422053,0.2509505703422053,0.2509505703422053
133,0.33460076045627374,0.33460076045627374,0.33460076045627374,0.30038022813688214,0.30038022813688214,0.30038022813688214,0.2813688212927757,0.2813688212927757,0.2813688212927757,0.24714828897338403,0.24714828897338403,0.24714828897338403
134,0.33079847908745247,0.33079847908745247,0.33079847908745247,0.30038022813688214,0.30038022813688214,0.30038022813688214,0.29277566539923955,0.29277566539923955,0.29277566539923955,0.2509505703422053,0.2509505703422053,0.2509505703422053
135,0.3231939163498099,0.3231939163498099,0.3231939163498099,0.30798479087452474,0.30798479087452474,0.30798479087452474,0.28517110266159695,0.28517110266159695,0.28517110266159695,0.24334600760456274,0.24334600760456274,0.24334600760456274
136,0.3231939163498099,0.3231939163498099,0.3231939163498099,0.30038022813688214,0.30038022813688214,0.30038022813688214,0.28517110266159695,0.28517110266159695,0.28517110266159695,0.24334600760456274,0.24334600760456274,0.24334600760456274
137,0.3231939163498099,0.3231939163498099,0.3231939163498099,0.2813688212927757,0.2813688212927757,0.2813688212927757,0.28517110266159695,0.28517110266159695,0.28517110266159695,0.23954372623574144,0.23954372623574144,0.23954372623574144
138,0.3269961977186312,0.3269961977186312,0.3269961977186312,0.3041825095057034,0.3041825095057034,0.3041825095057034,0.29277566539923955,0.29277566539923955,0.29277566539923955,0.2623574144486692,0.2623574144486692,0.2623574144486692
139,0.3231939163498099,0.3231939163498099,0.3231939163498099,0.2889733840304182,0.2889733840304182,0.2889733840304182,0.2965779467680608,0.2965779467680608,0.2965779467680608,0.2737642585551331,0.2737642585551331,0.2737642585551331
140,0.3269961977186312,0.3269961977186312,0.3269961977186312,0.2889733840304182,0.2889733840304182,0.2889733840304182,0.29277566539923955,0.29277566539923955,0.29277566539923955,0.2623574144486692,0.2623574144486692,0.2623574144486692
141,0.3231939163498099,0.3231939163498099,0.3231939163498099,0.30038022813688214,0.30038022813688214,0.30038022813688214,0.2965779467680608,0.2965779467680608,0.2965779467680608,0.2623574144486692,0.2623574144486692,0.2623574144486692
142,0.3231939163498099,0.3231939163498099,0.3231939163498099,0.30038022813688214,0.30038022813688214,0.30038022813688214,0.29277566539923955,0.29277566539923955,0.29277566539923955,0.2623574144486692,0.2623574144486692,0.2623574144486692
143,0.33079847908745247,0.33079847908745247,0.33079847908745247,0.2965779467680608,0.2965779467680608,0.2965779467680608,0.29277566539923955,0.29277566539923955,0.29277566539923955,0.2623574144486692,0.2623574144486692,0.2623574144486692
144,0.33079847908745247,0.33079847908745247,0.33079847908745247,0.3041825095057034,0.3041825095057034,0.3041825095057034,0.29277566539923955,0.29277566539923955,0.29277566539923955,0.2585551330798479,0.2585551330798479,0.2585551330798479
145,0.33079847908745247,0.33079847908745247,0.33079847908745247,0.30038022813688214,0.30038022813688214,0.30038022813688214,0.2889733840304182,0.2889733840304182,0.2889733840304182,0.2585551330798479,0.2585551330798479,0.2585551330798479
146,0.33840304182509506,0.33840304182509506,0.33840304182509506,0.29277566539923955,0.29277566539923955,0.29277566539923955,0.28517110266159695,0.28517110266159695,0.28517110266159695,0.25475285171102663,0.25475285171102663,0.25475285171102663
147,0.3269961977186312,0.3269961977186312,0.3269961977186312,0.2965779467680608,0.2965779467680608,0.2965779467680608,0.2965779467680608,0.2965779467680608,0.2965779467680608,0.25475285171102663,0.25475285171102663,0.25475285171102663
148,0.33460076045627374,0.33460076045627374,0.33460076045627374,0.30038022813688214,0.30038022813688214,0.30038022813688214,0.2965779467680608,0.2965779467680608,0.2965779467680608,0.2623574144486692,0.2623574144486692,0.2623574144486692
149,0.3269961977186312,0.3269961977186312,0.3269961977186312,0.2965779467680608,0.2965779467680608,0.2965779467680608,0.28517110266159695,0.28517110266159695,0.28517110266159695,0.2509505703422053,0.2509505703422053,0.2509505703422053
150,0.3269961977186312,0.3269961977186312,0.3269961977186312,0.29277566539923955,0.29277566539923955,0.29277566539923955,0.2889733840304182,0.2889733840304182,0.2889733840304182,0.2509505703422053,0.2509505703422053,0.2509505703422053
151,0.33079847908745247,0.33079847908745247,0.33079847908745247,0.2965779467680608,0.2965779467680608,0.2965779467680608,0.2889733840304182,0.2889733840304182,0.2889733840304182,0.25475285171102663,0.25475285171102663,0.25475285171102663
152,0.33079847908745247,0.33079847908745247,0.33079847908745247,0.2889733840304182,0.2889733840304182,0.2889733840304182,0.29277566539923955,0.29277566539923955,0.29277566539923955,0.25475285171102663,0.25475285171102663,0.25475285171102663
153,0.33460076045627374,0.33460076045627374,0.33460076045627374,0.2889733840304182,0.2889733840304182,0.2889733840304182,0.2965779467680608,0.2965779467680608,0.2965779467680608,0.26996197718631176,0.26996197718631176,0.26996197718631176
154,0.33079847908745247,0.33079847908745247,0.33079847908745247,0.29277566539923955,0.29277566539923955,0.29277566539923955,0.2889733840304182,0.2889733840304182,0.2889733840304182,0.2661596958174905,0.2661596958174905,0.2661596958174905
155,0.33460076045627374,0.33460076045627374,0.33460076045627374,0.28517110266159695,0.28517110266159695,0.28517110266159695,0.2889733840304182,0.2889733840304182,0.2889733840304182,0.26996197718631176,0.26996197718631176,0.26996197718631176
156,0.3231939163498099,0.3231939163498099,0.3231939163498099,0.29277566539923955,0.29277566539923955,0.29277566539923955,0.2889733840304182,0.2889733840304182,0.2889733840304182,0.26996197718631176,0.26996197718631176,0.26996197718631176
157,0.3231939163498099,0.3231939163498099,0.3231939163498099,0.29277566539923955,0.29277566539923955,0.29277566539923955,0.2889733840304182,0.2889733840304182,0.2889733840304182,0.26996197718631176,0.26996197718631176,0.26996197718631176
158,0.33079847908745247,0.33079847908745247,0.33079847908745247,0.2889733840304182,0.2889733840304182,0.2889733840304182,0.28517110266159695,0.28517110266159695,0.28517110266159695,0.2737642585551331,0.2737642585551331,0.2737642585551331
159,0.33460076045627374,0.33460076045627374,0.33460076045627374,0.28517110266159695,0.28517110266159695,0.28517110266159695,0.2813688212927757,0.2813688212927757,0.2813688212927757,0.2623574144486692,0.2623574144486692,0.2623574144486692
160,0.33460076045627374,0.33460076045627374,0.33460076045627374,0.2889733840304182,0.2889733840304182,0.2889733840304182,0.2889733840304182,0.2889733840304182,0.2889733840304182,0.26996197718631176,0.26996197718631176,0.26996197718631176
161,0.33079847908745247,0.33079847908745247,0.33079847908745247,0.2965779467680608,0.2965779467680608,0.2965779467680608,0.29277566539923955,0.29277566539923955,0.29277566539923955,0.2661596958174905,0.2661596958174905,0.2661596958174905
162,0.33840304182509506,0.33840304182509506,0.33840304182509506,0.3041825095057034,0.3041825095057034,0.3041825095057034,0.30038022813688214,0.30038022813688214,0.30038022813688214,0.2661596958174905,0.2661596958174905,0.2661596958174905
163,0.34600760456273766,0.34600760456273766,0.34600760456273766,0.30038022813688214,0.30038022813688214,0.30038022813688214,0.30038022813688214,0.30038022813688214,0.30038022813688214,0.2623574144486692,0.2623574144486692,0.2623574144486692
164,0.33460076045627374,0.33460076045627374,0.33460076045627374,0.30038022813688214,0.30038022813688214,0.30038022813688214,0.2965779467680608,0.2965779467680608,0.2965779467680608,0.2585551330798479,0.2585551330798479,0.2585551330798479
165,0.34220532319391633,0.34220532319391633,0.34220532319391633,0.30798479087452474,0.30798479087452474,0.30798479087452474,0.2889733840304182,0.2889733840304182,0.2889733840304182,0.24714828897338403,0.24714828897338403,0.24714828897338403
166,0.33460076045627374,0.33460076045627374,0.33460076045627374,0.3041825095057034,0.3041825095057034,0.3041825095057034,0.30798479087452474,0.30798479087452474,0.30798479087452474,0.25475285171102663,0.25475285171102663,0.25475285171102663
167,0.34220532319391633,0.34220532319391633,0.34220532319391633,0.29277566539923955,0.29277566539923955,0.29277566539923955,0.30798479087452474,0.30798479087452474,0.30798479087452474,0.2623574144486692,0.2623574144486692,0.2623574144486692
168,0.33460076045627374,0.33460076045627374,0.33460076045627374,0.30798479087452474,0.30798479087452474,0.30798479087452474,0.30798479087452474,0.30798479087452474,0.30798479087452474,0.2661596958174905,0.2661596958174905,0.2661596958174905
169,0.33840304182509506,0.33840304182509506,0.33840304182509506,0.30798479087452474,0.30798479087452474,0.30798479087452474,0.3041825095057034,0.3041825095057034,0.3041825095057034,0.2737642585551331,0.2737642585551331,0.2737642585551331
170,0.33460076045627374,0.33460076045627374,0.33460076045627374,0.30038022813688214,0.30038022813688214,0.30038022813688214,0.2965779467680608,0.2965779467680608,0.2965779467680608,0.2737642585551331,0.2737642585551331,0.2737642585551331
171,0.33460076045627374,0.33460076045627374,0.33460076045627374,0.2965779467680608,0.2965779467680608,0.2965779467680608,0.3041825095057034,0.3041825095057034,0.3041825095057034,0.26996197718631176,0.26996197718631176,0.26996197718631176
172,0.33460076045627374,0.33460076045627374,0.33460076045627374,0.30038022813688214,0.30038022813688214,0.30038022813688214,0.2889733840304182,0.2889733840304182,0.2889733840304182,0.2661596958174905,0.2661596958174905,0.2661596958174905
173,0.33460076045627374,0.33460076045627374,0.33460076045627374,0.30038022813688214,0.30038022813688214,0.30038022813688214,0.29277566539923955,0.29277566539923955,0.29277566539923955,0.26996197718631176,0.26996197718631176,0.26996197718631176
174,0.33460076045627374,0.33460076045627374,0.33460076045627374,0.3041825095057034,0.3041825095057034,0.3041825095057034,0.2965779467680608,0.2965779467680608,0.2965779467680608,0.2585551330798479,0.2585551330798479,0.2585551330798479
175,0.33840304182509506,0.33840304182509506,0.33840304182509506,0.3041825095057034,0.3041825095057034,0.3041825095057034,0.30038022813688214,0.30038022813688214,0.30038022813688214,0.25475285171102663,0.25475285171102663,0.25475285171102663
176,0.34600760456273766,0.34600760456273766,0.34600760456273766,0.30038022813688214,0.30038022813688214,0.30038022813688214,0.30038022813688214,0.30038022813688214,0.30038022813688214,0.2623574144486692,0.2623574144486692,0.2623574144486692
177,0.33460076045627374,0.33460076045627374,0.33460076045627374,0.30038022813688214,0.30038022813688214,0.30038022813688214,0.3041825095057034,0.3041825095057034,0.3041825095057034,0.2585551330798479,0.2585551330798479,0.2585551330798479
178,0.34220532319391633,0.34220532319391633,0.34220532319391633,0.30038022813688214,0.30038022813688214,0.30038022813688214,0.2965779467680608,0.2965779467680608,0.2965779467680608,0.25475285171102663,0.25475285171102663,0.25475285171102663
179,0.33840304182509506,0.33840304182509506,0.33840304182509506,0.30038022813688214,0.30038022813688214,0.30038022813688214,0.2965779467680608,0.2965779467680608,0.2965779467680608,0.26996197718631176,0.26996197718631176,0.26996197718631176
180,0.33840304182509506,0.33840304182509506,0.33840304182509506,0.30798479087452474,0.30798479087452474,0.30798479087452474,0.30038022813688214,0.30038022813688214,0.30038022813688214,0.2623574144486692,0.2623574144486692,0.2623574144486692
181,0.33840304182509506,0.33840304182509506,0.33840304182509506,0.30798479087452474,0.30798479087452474,0.30798479087452474,0.3041825095057034,0.3041825095057034,0.3041825095057034,0.2623574144486692,0.2623574144486692,0.2623574144486692
182,0.34220532319391633,0.34220532319391633,0.34220532319391633,0.30798479087452474,0.30798479087452474,0.30798479087452474,0.30798479087452474,0.30798479087452474,0.30798479087452474,0.26996197718631176,0.26996197718631176,0.26996197718631176
183,0.33840304182509506,0.33840304182509506,0.33840304182509506,0.30798479087452474,0.30798479087452474,0.30798479087452474,0.3041825095057034,0.3041825095057034,0.3041825095057034,0.2737642585551331,0.2737642585551331,0.2737642585551331
184,0.34220532319391633,0.34220532319391633,0.34220532319391633,0.3041825095057034,0.3041825095057034,0.3041825095057034,0.30038022813688214,0.30038022813688214,0.30038022813688214,0.27756653992395436,0.27756653992395436,0.27756653992395436
185,0.34600760456273766,0.34600760456273766,0.34600760456273766,0.30798479087452474,0.30798479087452474,0.30798479087452474,0.30798479087452474,0.30798479087452474,0.30798479087452474,0.2813688212927757,0.2813688212927757,0.2813688212927757
186,0.34980988593155893,0.34980988593155893,0.34980988593155893,0.3155893536121673,0.3155893536121673,0.3155893536121673,0.2965779467680608,0.2965779467680608,0.2965779467680608,0.27756653992395436,0.27756653992395436,0.27756653992395436
187,0.34600760456273766,0.34600760456273766,0.34600760456273766,0.3155893536121673,0.3155893536121673,0.3155893536121673,0.2965779467680608,0.2965779467680608,0.2965779467680608,0.2661596958174905,0.2661596958174905,0.2661596958174905
188,0.34600760456273766,0.34600760456273766,0.34600760456273766,0.3193916349809886,0.3193916349809886,0.3193916349809886,0.3041825095057034,0.3041825095057034,0.3041825095057034,0.26996197718631176,0.26996197718631176,0.26996197718631176
189,0.35361216730038025,0.35361216730038025,0.35361216730038025,0.3231939163498099,0.3231939163498099,0.3231939163498099,0.3041825095057034,0.3041825095057034,0.3041825095057034,0.2737642585551331,0.2737642585551331,0.2737642585551331
190,0.3574144486692015,0.3574144486692015,0.3574144486692015,0.3269961977186312,0.3269961977186312,0.3269961977186312,0.30038022813688214,0.30038022813688214,0.30038022813688214,0.27756653992395436,0.27756653992395436,0.27756653992395436
191,0.3574144486692015,0.3574144486692015,0.3574144486692015,0.3193916349809886,0.3193916349809886,0.3193916349809886,0.3041825095057034,0.3041825095057034,0.3041825095057034,0.2623574144486692,0.2623574144486692,0.2623574144486692
192,0.3574144486692015,0.3574144486692015,0.3574144486692015,0.3193916349809886,0.3193916349809886,0.3193916349809886,0.2889733840304182,0.2889733840304182,0.2889733840304182,0.2661596958174905,0.2661596958174905,0.2661596958174905
193,0.3650190114068441,0.3650190114068441,0.3650190114068441,0.3193916349809886,0.3193916349809886,0.3193916349809886,0.28517110266159695,0.28517110266159695,0.28517110266159695,0.25475285171102663,0.25475285171102663,0.25475285171102663
194,0.3574144486692015,0.3574144486692015,0.3574144486692015,0.3231939163498099,0.3231939163498099,0.3231939163498099,0.30038022813688214,0.30038022813688214,0.30038022813688214,0.25475285171102663,0.25475285171102663,0.25475285171102663
195,0.34980988593155893,0.34980988593155893,0.34980988593155893,0.33079847908745247,0.33079847908745247,0.33079847908745247,0.29277566539923955,0.29277566539923955,0.29277566539923955,0.2509505703422053,0.2509505703422053,0.2509505703422053
196,0.35361216730038025,0.35361216730038025,0.35361216730038025,0.3193916349809886,0.3193916349809886,0.3193916349809886,0.29277566539923955,0.29277566539923955,0.29277566539923955,0.25475285171102663,0.25475285171102663,0.25475285171102663
197,0.3688212927756654,0.3688212927756654,0.3688212927756654,0.3231939163498099,0.3231939163498099,0.3231939163498099,0.3041825095057034,0.3041825095057034,0.3041825095057034,0.25475285171102663,0.25475285171102663,0.25475285171102663
198,0.35361216730038025,0.35361216730038025,0.35361216730038025,0.3155893536121673,0.3155893536121673,0.3155893536121673,0.30038022813688214,0.30038022813688214,0.30038022813688214,0.25475285171102663,0.25475285171102663,0.25475285171102663
199,0.35361216730038025,0.35361216730038025,0.35361216730038025,0.2965779467680608,0.2965779467680608,0.2965779467680608,0.30798479087452474,0.30798479087452474,0.30798479087452474,0.2585551330798479,0.2585551330798479,0.2585551330798479
200,0.34220532319391633,0.34220532319391633,0.34220532319391633,0.2889733840304182,0.2889733840304182,0.2889733840304182,0.2965779467680608,0.2965779467680608,0.2965779467680608,0.25475285171102663,0.25475285171102663,0.25475285171102663
201,0.34980988593155893,0.34980988593155893,0.34980988593155893,0.30038022813688214,0.30038022813688214,0.30038022813688214,0.2965779467680608,0.2965779467680608,0.2965779467680608,0.2585551330798479,0.2585551330798479,0.2585551330798479
202,0.35361216730038025,0.35361216730038025,0.35361216730038025,0.3231939163498099,0.3231939163498099,0.3231939163498099,0.3041825095057034,0.3041825095057034,0.3041825095057034,0.25475285171102663,0.25475285171102663,0.25475285171102663
203,0.35361216730038025,0.35361216730038025,0.35361216730038025,0.3231939163498099,0.3231939163498099,0.3231939163498099,0.29277566539923955,0.29277566539923955,0.29277566539923955,0.2623574144486692,0.2623574144486692,0.2623574144486692
204,0.35361216730038025,0.35361216730038025,0.35361216730038025,0.3155893536121673,0.3155893536121673,0.3155893536121673,0.2965779467680608,0.2965779467680608,0.2965779467680608,0.2623574144486692,0.2623574144486692,0.2623574144486692
205,0.34600760456273766,0.34600760456273766,0.34600760456273766,0.3041825095057034,0.3041825095057034,0.3041825095057034,0.29277566539923955,0.29277566539923955,0.29277566539923955,0.25475285171102663,0.25475285171102663,0.25475285171102663
206,0.3612167300380228,0.3612167300380228,0.3612167300380228,0.311787072243346,0.311787072243346,0.311787072243346,0.3041825095057034,0.3041825095057034,0.3041825095057034,0.2509505703422053,0.2509505703422053,0.2509505703422053
207,0.3688212927756654,0.3688212927756654,0.3688212927756654,0.311787072243346,0.311787072243346,0.311787072243346,0.2889733840304182,0.2889733840304182,0.2889733840304182,0.2623574144486692,0.2623574144486692,0.2623574144486692
208,0.34600760456273766,0.34600760456273766,0.34600760456273766,0.30798479087452474,0.30798479087452474,0.30798479087452474,0.30038022813688214,0.30038022813688214,0.30038022813688214,0.2509505703422053,0.2509505703422053,0.2509505703422053
209,0.35361216730038025,0.35361216730038025,0.35361216730038025,0.3155893536121673,0.3155893536121673,0.3155893536121673,0.3041825095057034,0.3041825095057034,0.3041825095057034,0.25475285171102663,0.25475285171102663,0.25475285171102663
210,0.35361216730038025,0.35361216730038025,0.35361216730038025,0.3193916349809886,0.3193916349809886,0.3193916349809886,0.2965779467680608,0.2965779467680608,0.2965779467680608,0.25475285171102663,0.25475285171102663,0.25475285171102663
211,0.34980988593155893,0.34980988593155893,0.34980988593155893,0.30798479087452474,0.30798479087452474,0.30798479087452474,0.2965779467680608,0.2965779467680608,0.2965779467680608,0.2585551330798479,0.2585551330798479,0.2585551330798479
212,0.35361216730038025,0.35361216730038025,0.35361216730038025,0.3193916349809886,0.3193916349809886,0.3193916349809886,0.28517110266159695,0.28517110266159695,0.28517110266159695,0.2623574144486692,0.2623574144486692,0.2623574144486692
213,0.3574144486692015,0.3574144486692015,0.3574144486692015,0.3193916349809886,0.3193916349809886,0.3193916349809886,0.2889733840304182,0.2889733840304182,0.2889733840304182,0.26996197718631176,0.26996197718631176,0.26996197718631176
214,0.3612167300380228,0.3612167300380228,0.3612167300380228,0.311787072243346,0.311787072243346,0.311787072243346,0.29277566539923955,0.29277566539923955,0.29277566539923955,0.26996197718631176,0.26996197718631176,0.26996197718631176
215,0.34980988593155893,0.34980988593155893,0.34980988593155893,0.30798479087452474,0.30798479087452474,0.30798479087452474,0.30038022813688214,0.30038022813688214,0.30038022813688214,0.2623574144486692,0.2623574144486692,0.2623574144486692
216,0.35361216730038025,0.35361216730038025,0.35361216730038025,0.3155893536121673,0.3155893536121673,0.3155893536121673,0.2965779467680608,0.2965779467680608,0.2965779467680608,0.2585551330798479,0.2585551330798479,0.2585551330798479
217,0.35361216730038025,0.35361216730038025,0.35361216730038025,0.3155893536121673,0.3155893536121673,0.3155893536121673,0.2965779467680608,0.2965779467680608,0.2965779467680608,0.2585551330798479,0.2585551330798479,0.2585551330798479
218,0.35361216730038025,0.35361216730038025,0.35361216730038025,0.30798479087452474,0.30798479087452474,0.30798479087452474,0.3041825095057034,0.3041825095057034,0.3041825095057034,0.26996197718631176,0.26996197718631176,0.26996197718631176
219,0.3574144486692015,0.3574144486692015,0.3574144486692015,0.3231939163498099,0.3231939163498099,0.3231939163498099,0.30038022813688214,0.30038022813688214,0.30038022813688214,0.26996197718631176,0.26996197718631176,0.26996197718631176
220,0.3688212927756654,0.3688212927756654,0.3688212927756654,0.3231939163498099,0.3231939163498099,0.3231939163498099,0.3041825095057034,0.3041825095057034,0.3041825095057034,0.25475285171102663,0.25475285171102663,0.25475285171102663
221,0.3688212927756654,0.3688212927756654,0.3688212927756654,0.3155893536121673,0.3155893536121673,0.3155893536121673,0.29277566539923955,0.29277566539923955,0.29277566539923955,0.25475285171102663,0.25475285171102663,0.25475285171102663
222,0.3612167300380228,0.3612167300380228,0.3612167300380228,0.3193916349809886,0.3193916349809886,0.3193916349809886,0.30798479087452474,0.30798479087452474,0.30798479087452474,0.25475285171102663,0.25475285171102663,0.25475285171102663
223,0.3688212927756654,0.3688212927756654,0.3688212927756654,0.3193916349809886,0.3193916349809886,0.3193916349809886,0.3041825095057034,0.3041825095057034,0.3041825095057034,0.25475285171102663,0.25475285171102663,0.25475285171102663
224,0.376425855513308,0.376425855513308,0.376425855513308,0.3231939163498099,0.3231939163498099,0.3231939163498099,0.3041825095057034,0.3041825095057034,0.3041825095057034,0.2509505703422053,0.2509505703422053,0.2509505703422053
225,0.3574144486692015,0.3574144486692015,0.3574144486692015,0.3231939163498099,0.3231939163498099,0.3231939163498099,0.3041825095057034,0.3041825095057034,0.3041825095057034,0.25475285171102663,0.25475285171102663,0.25475285171102663
226,0.3574144486692015,0.3574144486692015,0.3574144486692015,0.3231939163498099,0.3231939163498099,0.3231939163498099,0.30798479087452474,0.30798479087452474,0.30798479087452474,0.2585551330798479,0.2585551330798479,0.2585551330798479
227,0.3574144486692015,0.3574144486692015,0.3574144486692015,0.3269961977186312,0.3269961977186312,0.3269961977186312,0.3041825095057034,0.3041825095057034,0.3041825095057034,0.2623574144486692,0.2623574144486692,0.2623574144486692
228,0.3574144486692015,0.3574144486692015,0.3574144486692015,0.3231939163498099,0.3231939163498099,0.3231939163498099,0.311787072243346,0.311787072243346,0.311787072243346,0.26996197718631176,0.26996197718631176,0.26996197718631176
229,0.34980988593155893,0.34980988593155893,0.34980988593155893,0.3269961977186312,0.3269961977186312,0.3269961977186312,0.3155893536121673,0.3155893536121673,0.3155893536121673,0.26996197718631176,0.26996197718631176,0.26996197718631176
230,0.35361216730038025,0.35361216730038025,0.35361216730038025,0.3193916349809886,0.3193916349809886,0.3193916349809886,0.30798479087452474,0.30798479087452474,0.30798479087452474,0.26996197718631176,0.26996197718631176,0.26996197718631176
231,0.35361216730038025,0.35361216730038025,0.35361216730038025,0.3193916349809886,0.3193916349809886,0.3193916349809886,0.311787072243346,0.311787072243346,0.311787072243346,0.2737642585551331,0.2737642585551331,0.2737642585551331
232,0.3574144486692015,0.3574144486692015,0.3574144486692015,0.3193916349809886,0.3193916349809886,0.3193916349809886,0.3193916349809886,0.3193916349809886,0.3193916349809886,0.2661596958174905,0.2661596958174905,0.2661596958174905
233,0.35361216730038025,0.35361216730038025,0.35361216730038025,0.33079847908745247,0.33079847908745247,0.33079847908745247,0.3193916349809886,0.3193916349809886,0.3193916349809886,0.2661596958174905,0.2661596958174905,0.2661596958174905
234,0.3574144486692015,0.3574144486692015,0.3574144486692015,0.3269961977186312,0.3269961977186312,0.3269961977186312,0.3155893536121673,0.3155893536121673,0.3155893536121673,0.26996197718631176,0.26996197718631176,0.26996197718631176
235,0.3574144486692015,0.3574144486692015,0.3574144486692015,0.33079847908745247,0.33079847908745247,0.33079847908745247,0.30798479087452474,0.30798479087452474,0.30798479087452474,0.2623574144486692,0.2623574144486692,0.2623574144486692
236,0.3612167300380228,0.3612167300380228,0.3612167300380228,0.3193916349809886,0.3193916349809886,0.3193916349809886,0.311787072243346,0.311787072243346,0.311787072243346,0.2661596958174905,0.2661596958174905,0.2661596958174905
237,0.3574144486692015,0.3574144486692015,0.3574144486692015,0.3231939163498099,0.3231939163498099,0.3231939163498099,0.3041825095057034,0.3041825095057034,0.3041825095057034,0.2585551330798479,0.2585551330798479,0.2585551330798479
238,0.35361216730038025,0.35361216730038025,0.35361216730038025,0.3269961977186312,0.3269961977186312,0.3269961977186312,0.30038022813688214,0.30038022813688214,0.30038022813688214,0.2623574144486692,0.2623574144486692,0.2623574144486692
239,0.3574144486692015,0.3574144486692015,0.3574144486692015,0.3269961977186312,0.3269961977186312,0.3269961977186312,0.29277566539923955,0.29277566539923955,0.29277566539923955,0.2585551330798479,0.2585551330798479,0.2585551330798479
240,0.35361216730038025,0.35361216730038025,0.35361216730038025,0.3269961977186312,0.3269961977186312,0.3269961977186312,0.30798479087452474,0.30798479087452474,0.30798479087452474,0.2585551330798479,0.2585551330798479,0.2585551330798479
241,0.3612167300380228,0.3612167300380228,0.3612167300380228,0.33079847908745247,0.33079847908745247,0.33079847908745247,0.30038022813688214,0.30038022813688214,0.30038022813688214,0.24334600760456274,0.24334600760456274,0.24334600760456274
242,0.3574144486692015,0.3574144486692015,0.3574144486692015,0.3231939163498099,0.3231939163498099,0.3231939163498099,0.30038022813688214,0.30038022813688214,0.30038022813688214,0.2509505703422053,0.2509505703422053,0.2509505703422053
243,0.3574144486692015,0.3574144486692015,0.3574144486692015,0.3193916349809886,0.3193916349809886,0.3193916349809886,0.2965779467680608,0.2965779467680608,0.2965779467680608,0.2509505703422053,0.2509505703422053,0.2509505703422053
244,0.35361216730038025,0.35361216730038025,0.35361216730038025,0.3231939163498099,0.3231939163498099,0.3231939163498099,0.2965779467680608,0.2965779467680608,0.2965779467680608,0.25475285171102663,0.25475285171102663,0.25475285171102663
245,0.35361216730038025,0.35361216730038025,0.35361216730038025,0.3269961977186312,0.3269961977186312,0.3269961977186312,0.2965779467680608,0.2965779467680608,0.2965779467680608,0.2509505703422053,0.2509505703422053,0.2509505703422053
246,0.3574144486692015,0.3574144486692015,0.3574144486692015,0.33460076045627374,0.33460076045627374,0.33460076045627374,0.2965779467680608,0.2965779467680608,0.2965779467680608,0.24714828897338403,0.24714828897338403,0.24714828897338403
247,0.3574144486692015,0.3574144486692015,0.3574144486692015,0.33079847908745247,0.33079847908745247,0.33079847908745247,0.30798479087452474,0.30798479087452474,0.30798479087452474,0.2509505703422053,0.2509505703422053,0.2509505703422053
248,0.34980988593155893,0.34980988593155893,0.34980988593155893,0.3231939163498099,0.3231939163498099,0.3231939163498099,0.30798479087452474,0.30798479087452474,0.30798479087452474,0.2585551330798479,0.2585551330798479,0.2585551330798479
249,0.34980988593155893,0.34980988593155893,0.34980988593155893,0.3193916349809886,0.3193916349809886,0.3193916349809886,0.2889733840304182,0.2889733840304182,0.2889733840304182,0.2585551330798479,0.2585551330798479,0.2585551330798479
250,0.34600760456273766,0.34600760456273766,0.34600760456273766,0.3269961977186312,0.3269961977186312,0.3269961977186312,0.30038022813688214,0.30038022813688214,0.30038022813688214,0.2585551330798479,0.2585551330798479,0.2585551330798479
251,0.34980988593155893,0.34980988593155893,0.34980988593155893,0.3231939163498099,0.3231939163498099,0.3231939163498099,0.30038022813688214,0.30038022813688214,0.30038022813688214,0.2585551330798479,0.2585551330798479,0.2585551330798479
252,0.35361216730038025,0.35361216730038025,0.35361216730038025,0.3269961977186312,0.3269961977186312,0.3269961977186312,0.28517110266159695,0.28517110266159695,0.28517110266159695,0.24714828897338403,0.24714828897338403,0.24714828897338403
253,0.3650190114068441,0.3650190114068441,0.3650190114068441,0.3269961977186312,0.3269961977186312,0.3269961977186312,0.2889733840304182,0.2889733840304182,0.2889733840304182,0.2623574144486692,0.2623574144486692,0.2623574144486692
254,0.3650190114068441,0.3650190114068441,0.3650190114068441,0.3231939163498099,0.3231939163498099,0.3231939163498099,0.30038022813688214,0.30038022813688214,0.30038022813688214,0.2623574144486692,0.2623574144486692,0.2623574144486692
255,0.3650190114068441,0.3650190114068441,0.3650190114068441,0.33079847908745247,0.33079847908745247,0.33079847908745247,0.30038022813688214,0.30038022813688214,0.30038022813688214,0.2623574144486692,0.2623574144486692,0.2623574144486692
256,0.3688212927756654,0.3688212927756654,0.3688212927756654,0.33460076045627374,0.33460076045627374,0.33460076045627374,0.3041825095057034,0.3041825095057034,0.3041825095057034,0.2623574144486692,0.2623574144486692,0.2623574144486692
257,0.3650190114068441,0.3650190114068441,0.3650190114068441,0.33460076045627374,0.33460076045627374,0.33460076045627374,0.3041825095057034,0.3041825095057034,0.3041825095057034,0.2661596958174905,0.2661596958174905,0.2661596958174905
258,0.34980988593155893,0.34980988593155893,0.34980988593155893,0.3269961977186312,0.3269961977186312,0.3269961977186312,0.311787072243346,0.311787072243346,0.311787072243346,0.26996197718631176,0.26996197718631176,0.26996197718631176
259,0.3574144486692015,0.3574144486692015,0.3574144486692015,0.33460076045627374,0.33460076045627374,0.33460076045627374,0.30038022813688214,0.30038022813688214,0.30038022813688214,0.2509505703422053,0.2509505703422053,0.2509505703422053
260,0.3574144486692015,0.3574144486692015,0.3574144486692015,0.33079847908745247,0.33079847908745247,0.33079847908745247,0.30038022813688214,0.30038022813688214,0.30038022813688214,0.2509505703422053,0.2509505703422053,0.2509505703422053
261,0.3650190114068441,0.3650190114068441,0.3650190114068441,0.3269961977186312,0.3269961977186312,0.3269961977186312,0.3041825095057034,0.3041825095057034,0.3041825095057034,0.26996197718631176,0.26996197718631176,0.26996197718631176
262,0.3574144486692015,0.3574144486692015,0.3574144486692015,0.3231939163498099,0.3231939163498099,0.3231939163498099,0.30798479087452474,0.30798479087452474,0.30798479087452474,0.2661596958174905,0.2661596958174905,0.2661596958174905
263,0.3574144486692015,0.3574144486692015,0.3574144486692015,0.3193916349809886,0.3193916349809886,0.3193916349809886,0.30038022813688214,0.30038022813688214,0.30038022813688214,0.2661596958174905,0.2661596958174905,0.2661596958174905
264,0.3612167300380228,0.3612167300380228,0.3612167300380228,0.33079847908745247,0.33079847908745247,0.33079847908745247,0.30038022813688214,0.30038022813688214,0.30038022813688214,0.2661596958174905,0.2661596958174905,0.2661596958174905
265,0.3574144486692015,0.3574144486692015,0.3574144486692015,0.33079847908745247,0.33079847908745247,0.33079847908745247,0.30038022813688214,0.30038022813688214,0.30038022813688214,0.2661596958174905,0.2661596958174905,0.2661596958174905
266,0.3612167300380228,0.3612167300380228,0.3612167300380228,0.33079847908745247,0.33079847908745247,0.33079847908745247,0.3041825095057034,0.3041825095057034,0.3041825095057034,0.2623574144486692,0.2623574144486692,0.2623574144486692
267,0.34980988593155893,0.34980988593155893,0.34980988593155893,0.3231939163498099,0.3231939163498099,0.3231939163498099,0.3041825095057034,0.3041825095057034,0.3041825095057034,0.2585551330798479,0.2585551330798479,0.2585551330798479
268,0.3650190114068441,0.3650190114068441,0.3650190114068441,0.3269961977186312,0.3269961977186312,0.3269961977186312,0.3193916349809886,0.3193916349809886,0.3193916349809886,0.25475285171102663,0.25475285171102663,0.25475285171102663
269,0.3574144486692015,0.3574144486692015,0.3574144486692015,0.33460076045627374,0.33460076045627374,0.33460076045627374,0.3155893536121673,0.3155893536121673,0.3155893536121673,0.2661596958174905,0.2661596958174905,0.2661596958174905
270,0.3612167300380228,0.3612167300380228,0.3612167300380228,0.33460076045627374,0.33460076045627374,0.33460076045627374,0.3193916349809886,0.3193916349809886,0.3193916349809886,0.2661596958174905,0.2661596958174905,0.2661596958174905
271,0.3574144486692015,0.3574144486692015,0.3574144486692015,0.33079847908745247,0.33079847908745247,0.33079847908745247,0.311787072243346,0.311787072243346,0.311787072243346,0.2585551330798479,0.2585551330798479,0.2585551330798479
272,0.3612167300380228,0.3612167300380228,0.3612167300380228,0.33079847908745247,0.33079847908745247,0.33079847908745247,0.3193916349809886,0.3193916349809886,0.3193916349809886,0.26996197718631176,0.26996197718631176,0.26996197718631176
273,0.35361216730038025,0.35361216730038025,0.35361216730038025,0.33460076045627374,0.33460076045627374,0.33460076045627374,0.3155893536121673,0.3155893536121673,0.3155893536121673,0.2737642585551331,0.2737642585551331,0.2737642585551331
274,0.3688212927756654,0.3688212927756654,0.3688212927756654,0.33079847908745247,0.33079847908745247,0.33079847908745247,0.3155893536121673,0.3155893536121673,0.3155893536121673,0.2737642585551331,0.2737642585551331,0.2737642585551331
275,0.376425855513308,0.376425855513308,0.376425855513308,0.33079847908745247,0.33079847908745247,0.33079847908745247,0.3155893536121673,0.3155893536121673,0.3155893536121673,0.26996197718631176,0.26996197718631176,0.26996197718631176
276,0.3688212927756654,0.3688212927756654,0.3688212927756654,0.33079847908745247,0.33079847908745247,0.33079847908745247,0.3193916349809886,0.3193916349809886,0.3193916349809886,0.2623574144486692,0.2623574144486692,0.2623574144486692
277,0.3612167300380228,0.3612167300380228,0.3612167300380228,0.3193916349809886,0.3193916349809886,0.3193916349809886,0.3193916349809886,0.3193916349809886,0.3193916349809886,0.27756653992395436,0.27756653992395436,0.27756653992395436
278,0.3650190114068441,0.3650190114068441,0.3650190114068441,0.3231939163498099,0.3231939163498099,0.3231939163498099,0.3269961977186312,0.3269961977186312,0.3269961977186312,0.2623574144486692,0.2623574144486692,0.2623574144486692
279,0.3612167300380228,0.3612167300380228,0.3612167300380228,0.3231939163498099,0.3231939163498099,0.3231939163498099,0.3269961977186312,0.3269961977186312,0.3269961977186312,0.26996197718631176,0.26996197718631176,0.26996197718631176
280,0.3726235741444867,0.3726235741444867,0.3726235741444867,0.3269961977186312,0.3269961977186312,0.3269961977186312,0.3231939163498099,0.3231939163498099,0.3231939163498099,0.27756653992395436,0.27756653992395436,0.27756653992395436
281,0.3650190114068441,0.3650190114068441,0.3650190114068441,0.3231939163498099,0.3231939163498099,0.3231939163498099,0.3231939163498099,0.3231939163498099,0.3231939163498099,0.28517110266159695,0.28517110266159695,0.28517110266159695
282,0.3574144486692015,0.3574144486692015,0.3574144486692015,0.3193916349809886,0.3193916349809886,0.3193916349809886,0.3193916349809886,0.3193916349809886,0.3193916349809886,0.28517110266159695,0.28517110266159695,0.28517110266159695
283,0.3574144486692015,0.3574144486692015,0.3574144486692015,0.33079847908745247,0.33079847908745247,0.33079847908745247,0.3231939163498099,0.3231939163498099,0.3231939163498099,0.2813688212927757,0.2813688212927757,0.2813688212927757
284,0.3574144486692015,0.3574144486692015,0.3574144486692015,0.33460076045627374,0.33460076045627374,0.33460076045627374,0.3269961977186312,0.3269961977186312,0.3269961977186312,0.2889733840304182,0.2889733840304182,0.2889733840304182
285,0.3574144486692015,0.3574144486692015,0.3574144486692015,0.33460076045627374,0.33460076045627374,0.33460076045627374,0.3155893536121673,0.3155893536121673,0.3155893536121673,0.2813688212927757,0.2813688212927757,0.2813688212927757
286,0.3612167300380228,0.3612167300380228,0.3612167300380228,0.3269961977186312,0.3269961977186312,0.3269961977186312,0.3193916349809886,0.3193916349809886,0.3193916349809886,0.28517110266159695,0.28517110266159695,0.28517110266159695
287,0.33840304182509506,0.33840304182509506,0.33840304182509506,0.30798479087452474,0.30798479087452474,0.30798479087452474,0.311787072243346,0.311787072243346,0.311787072243346,0.26996197718631176,0.26996197718631176,0.26996197718631176
288,0.34220532319391633,0.34220532319391633,0.34220532319391633,0.30798479087452474,0.30798479087452474,0.30798479087452474,0.3193916349809886,0.3193916349809886,0.3193916349809886,0.27756653992395436,0.27756653992395436,0.27756653992395436
289,0.35361216730038025,0.35361216730038025,0.35361216730038025,0.311787072243346,0.311787072243346,0.311787072243346,0.3193916349809886,0.3193916349809886,0.3193916349809886,0.2661596958174905,0.2661596958174905,0.2661596958174905
290,0.3688212927756654,0.3688212927756654,0.3688212927756654,0.3269961977186312,0.3269961977186312,0.3269961977186312,0.3155893536121673,0.3155893536121673,0.3155893536121673,0.2661596958174905,0.2661596958174905,0.2661596958174905
291,0.38022813688212925,0.38022813688212925,0.38022813688212925,0.33079847908745247,0.33079847908745247,0.33079847908745247,0.3193916349809886,0.3193916349809886,0.3193916349809886,0.2737642585551331,0.2737642585551331,0.2737642585551331
292,0.38022813688212925,0.38022813688212925,0.38022813688212925,0.33079847908745247,0.33079847908745247,0.33079847908745247,0.33460076045627374,0.33460076045627374,0.33460076045627374,0.2737642585551331,0.2737642585551331,0.2737642585551331
293,0.376425855513308,0.376425855513308,0.376425855513308,0.33079847908745247,0.33079847908745247,0.33079847908745247,0.33460076045627374,0.33460076045627374,0.33460076045627374,0.2813688212927757,0.2813688212927757,0.2813688212927757
294,0.3612167300380228,0.3612167300380228,0.3612167300380228,0.3269961977186312,0.3269961977186312,0.3269961977186312,0.33840304182509506,0.33840304182509506,0.33840304182509506,0.29277566539923955,0.29277566539923955,0.29277566539923955
295,0.3650190114068441,0.3650190114068441,0.3650190114068441,0.33460076045627374,0.33460076045627374,0.33460076045627374,0.33079847908745247,0.33079847908745247,0.33079847908745247,0.29277566539923955,0.29277566539923955,0.29277566539923955
296,0.376425855513308,0.376425855513308,0.376425855513308,0.33460076045627374,0.33460076045627374,0.33460076045627374,0.33460076045627374,0.33460076045627374,0.33460076045627374,0.2965779467680608,0.2965779467680608,0.2965779467680608
297,0.38022813688212925,0.38022813688212925,0.38022813688212925,0.33079847908745247,0.33079847908745247,0.33079847908745247,0.3193916349809886,0.3193916349809886,0.3193916349809886,0.2813688212927757,0.2813688212927757,0.2813688212927757
298,0.3650190114068441,0.3650190114068441,0.3650190114068441,0.33079847908745247,0.33079847908745247,0.33079847908745247,0.3231939163498099,0.3231939163498099,0.3231939163498099,0.2813688212927757,0.2813688212927757,0.2813688212927757
299,0.3650190114068441,0.3650190114068441,0.3650190114068441,0.33079847908745247,0.33079847908745247,0.33079847908745247,0.33840304182509506,0.33840304182509506,0.33840304182509506,0.2965779467680608,0.2965779467680608,0.2965779467680608
300,0.376425855513308,0.376425855513308,0.376425855513308,0.33079847908745247,0.33079847908745247,0.33079847908745247,0.33460076045627374,0.33460076045627374,0.33460076045627374,0.27756653992395436,0.27756653992395436,0.27756653992395436
301,0.3726235741444867,0.3726235741444867,0.3726235741444867,0.33460076045627374,0.33460076045627374,0.33460076045627374,0.3269961977186312,0.3269961977186312,0.3269961977186312,0.2661596958174905,0.2661596958174905,0.2661596958174905
302,0.376425855513308,0.376425855513308,0.376425855513308,0.33079847908745247,0.33079847908745247,0.33079847908745247,0.3269961977186312,0.3269961977186312,0.3269961977186312,0.2737642585551331,0.2737642585551331,0.2737642585551331
303,0.3726235741444867,0.3726235741444867,0.3726235741444867,0.3231939163498099,0.3231939163498099,0.3231939163498099,0.33079847908745247,0.33079847908745247,0.33079847908745247,0.26996197718631176,0.26996197718631176,0.26996197718631176
304,0.3726235741444867,0.3726235741444867,0.3726235741444867,0.33079847908745247,0.33079847908745247,0.33079847908745247,0.3269961977186312,0.3269961977186312,0.3269961977186312,0.2737642585551331,0.2737642585551331,0.2737642585551331
305,0.3726235741444867,0.3726235741444867,0.3726235741444867,0.33079847908745247,0.33079847908745247,0.33079847908745247,0.311787072243346,0.311787072243346,0.311787072243346,0.2623574144486692,0.2623574144486692,0.2623574144486692
306,0.3688212927756654,0.3688212927756654,0.3688212927756654,0.3193916349809886,0.3193916349809886,0.3193916349809886,0.3193916349809886,0.3193916349809886,0.3193916349809886,0.2623574144486692,0.2623574144486692,0.2623574144486692
307,0.376425855513308,0.376425855513308,0.376425855513308,0.3231939163498099,0.3231939163498099,0.3231939163498099,0.3155893536121673,0.3155893536121673,0.3155893536121673,0.26996197718631176,0.26996197718631176,0.26996197718631176
308,0.3726235741444867,0.3726235741444867,0.3726235741444867,0.3269961977186312,0.3269961977186312,0.3269961977186312,0.3269961977186312,0.3269961977186312,0.3269961977186312,0.27756653992395436,0.27756653992395436,0.27756653992395436
309,0.376425855513308,0.376425855513308,0.376425855513308,0.3269961977186312,0.3269961977186312,0.3269961977186312,0.33079847908745247,0.33079847908745247,0.33079847908745247,0.2623574144486692,0.2623574144486692,0.2623574144486692
310,0.3688212927756654,0.3688212927756654,0.3688212927756654,0.33079847908745247,0.33079847908745247,0.33079847908745247,0.3231939163498099,0.3231939163498099,0.3231939163498099,0.26996197718631176,0.26996197718631176,0.26996197718631176
311,0.3726235741444867,0.3726235741444867,0.3726235741444867,0.3269961977186312,0.3269961977186312,0.3269961977186312,0.33460076045627374,0.33460076045627374,0.33460076045627374,0.2737642585551331,0.2737642585551331,0.2737642585551331
312,0.3612167300380228,0.3612167300380228,0.3612167300380228,0.3231939163498099,0.3231939163498099,0.3231939163498099,0.3231939163498099,0.3231939163498099,0.3231939163498099,0.2813688212927757,0.2813688212927757,0.2813688212927757
313,0.3574144486692015,0.3574144486692015,0.3574144486692015,0.3269961977186312,0.3269961977186312,0.3269961977186312,0.3231939163498099,0.3231939163498099,0.3231939163498099,0.28517110266159695,0.28517110266159695,0.28517110266159695
314,0.3574144486692015,0.3574144486692015,0.3574144486692015,0.33840304182509506,0.33840304182509506,0.33840304182509506,0.3193916349809886,0.3193916349809886,0.3193916349809886,0.29277566539923955,0.29277566539923955,0.29277566539923955
315,0.3726235741444867,0.3726235741444867,0.3726235741444867,0.33460076045627374,0.33460076045627374,0.33460076045627374,0.3269961977186312,0.3269961977186312,0.3269961977186312,0.2965779467680608,0.2965779467680608,0.2965779467680608
316,0.3650190114068441,0.3650190114068441,0.3650190114068441,0.3193916349809886,0.3193916349809886,0.3193916349809886,0.3193916349809886,0.3193916349809886,0.3193916349809886,0.2889733840304182,0.2889733840304182,0.2889733840304182
317,0.35361216730038025,0.35361216730038025,0.35361216730038025,0.3231939163498099,0.3231939163498099,0.3231939163498099,0.3269961977186312,0.3269961977186312,0.3269961977186312,0.29277566539923955,0.29277566539923955,0.29277566539923955
318,0.3612167300380228,0.3612167300380228,0.3612167300380228,0.33460076045627374,0.33460076045627374,0.33460076045627374,0.3269961977186312,0.3269961977186312,0.3269961977186312,0.2889733840304182,0.2889733840304182,0.2889733840304182
319,0.3574144486692015,0.3574144486692015,0.3574144486692015,0.33079847908745247,0.33079847908745247,0.33079847908745247,0.33079847908745247,0.33079847908745247,0.33079847908745247,0.2965779467680608,0.2965779467680608,0.2965779467680608
320,0.35361216730038025,0.35361216730038025,0.35361216730038025,0.3231939163498099,0.3231939163498099,0.3231939163498099,0.3269961977186312,0.3269961977186312,0.3269961977186312,0.2965779467680608,0.2965779467680608,0.2965779467680608
321,0.34600760456273766,0.34600760456273766,0.34600760456273766,0.33079847908745247,0.33079847908745247,0.33079847908745247,0.3231939163498099,0.3231939163498099,0.3231939163498099,0.29277566539923955,0.29277566539923955,0.29277566539923955
322,0.3650190114068441,0.3650190114068441,0.3650190114068441,0.3231939163498099,0.3231939163498099,0.3231939163498099,0.3231939163498099,0.3231939163498099,0.3231939163498099,0.2889733840304182,0.2889733840304182,0.2889733840304182
323,0.3574144486692015,0.3574144486692015,0.3574144486692015,0.33079847908745247,0.33079847908745247,0.33079847908745247,0.33079847908745247,0.33079847908745247,0.33079847908745247,0.2889733840304182,0.2889733840304182,0.2889733840304182
324,0.3650190114068441,0.3650190114068441,0.3650190114068441,0.33460076045627374,0.33460076045627374,0.33460076045627374,0.33460076045627374,0.33460076045627374,0.33460076045627374,0.28517110266159695,0.28517110266159695,0.28517110266159695
325,0.3688212927756654,0.3688212927756654,0.3688212927756654,0.33460076045627374,0.33460076045627374,0.33460076045627374,0.33460076045627374,0.33460076045627374,0.33460076045627374,0.28517110266159695,0.28517110266159695,0.28517110266159695
326,0.38022813688212925,0.38022813688212925,0.38022813688212925,0.33079847908745247,0.33079847908745247,0.33079847908745247,0.33079847908745247,0.33079847908745247,0.33079847908745247,0.26996197718631176,0.26996197718631176,0.26996197718631176
327,0.3612167300380228,0.3612167300380228,0.3612167300380228,0.3269961977186312,0.3269961977186312,0.3269961977186312,0.3155893536121673,0.3155893536121673,0.3155893536121673,0.25475285171102663,0.25475285171102663,0.25475285171102663
328,0.3574144486692015,0.3574144486692015,0.3574144486692015,0.3269961977186312,0.3269961977186312,0.3269961977186312,0.33079847908745247,0.33079847908745247,0.33079847908745247,0.26996197718631176,0.26996197718631176,0.26996197718631176
329,0.3574144486692015,0.3574144486692015,0.3574144486692015,0.3269961977186312,0.3269961977186312,0.3269961977186312,0.33460076045627374,0.33460076045627374,0.33460076045627374,0.28517110266159695,0.28517110266159695,0.28517110266159695
330,0.3574144486692015,0.3574144486692015,0.3574144486692015,0.3155893536121673,0.3155893536121673,0.3155893536121673,0.33460076045627374,0.33460076045627374,0.33460076045627374,0.2813688212927757,0.2813688212927757,0.2813688212927757
331,0.35361216730038025,0.35361216730038025,0.35361216730038025,0.3193916349809886,0.3193916349809886,0.3193916349809886,0.33840304182509506,0.33840304182509506,0.33840304182509506,0.2813688212927757,0.2813688212927757,0.2813688212927757
332,0.3574144486692015,0.3574144486692015,0.3574144486692015,0.3269961977186312,0.3269961977186312,0.3269961977186312,0.33840304182509506,0.33840304182509506,0.33840304182509506,0.2813688212927757,0.2813688212927757,0.2813688212927757
333,0.3612167300380228,0.3612167300380228,0.3612167300380228,0.3231939163498099,0.3231939163498099,0.3231939163498099,0.33840304182509506,0.33840304182509506,0.33840304182509506,0.26996197718631176,0.26996197718631176,0.26996197718631176
334,0.3650190114068441,0.3650190114068441,0.3650190114068441,0.3269961977186312,0.3269961977186312,0.3269961977186312,0.3269961977186312,0.3269961977186312,0.3269961977186312,0.27756653992395436,0.27756653992395436,0.27756653992395436
335,0.376425855513308,0.376425855513308,0.376425855513308,0.33079847908745247,0.33079847908745247,0.33079847908745247,0.33079847908745247,0.33079847908745247,0.33079847908745247,0.26996197718631176,0.26996197718631176,0.26996197718631176
336,0.376425855513308,0.376425855513308,0.376425855513308,0.3269961977186312,0.3269961977186312,0.3269961977186312,0.33079847908745247,0.33079847908745247,0.33079847908745247,0.2813688212927757,0.2813688212927757,0.2813688212927757
337,0.3688212927756654,0.3688212927756654,0.3688212927756654,0.33079847908745247,0.33079847908745247,0.33079847908745247,0.3269961977186312,0.3269961977186312,0.3269961977186312,0.2813688212927757,0.2813688212927757,0.2813688212927757
338,0.3726235741444867,0.3726235741444867,0.3726235741444867,0.33840304182509506,0.33840304182509506,0.33840304182509506,0.33840304182509506,0.33840304182509506,0.33840304182509506,0.2813688212927757,0.2813688212927757,0.2813688212927757
339,0.376425855513308,0.376425855513308,0.376425855513308,0.33079847908745247,0.33079847908745247,0.33079847908745247,0.33460076045627374,0.33460076045627374,0.33460076045627374,0.28517110266159695,0.28517110266159695,0.28517110266159695
340,0.38022813688212925,0.38022813688212925,0.38022813688212925,0.33079847908745247,0.33079847908745247,0.33079847908745247,0.33460076045627374,0.33460076045627374,0.33460076045627374,0.27756653992395436,0.27756653992395436,0.27756653992395436
341,0.3650190114068441,0.3650190114068441,0.3650190114068441,0.33840304182509506,0.33840304182509506,0.33840304182509506,0.33840304182509506,0.33840304182509506,0.33840304182509506,0.2737642585551331,0.2737642585551331,0.2737642585551331
342,0.3650190114068441,0.3650190114068441,0.3650190114068441,0.33460076045627374,0.33460076045627374,0.33460076045627374,0.33840304182509506,0.33840304182509506,0.33840304182509506,0.2737642585551331,0.2737642585551331,0.2737642585551331
343,0.3688212927756654,0.3688212927756654,0.3688212927756654,0.33079847908745247,0.33079847908745247,0.33079847908745247,0.34600760456273766,0.34600760456273766,0.34600760456273766,0.2737642585551331,0.2737642585551331,0.2737642585551331
344,0.3612167300380228,0.3612167300380228,0.3612167300380228,0.33460076045627374,0.33460076045627374,0.33460076045627374,0.33840304182509506,0.33840304182509506,0.33840304182509506,0.2661596958174905,0.2661596958174905,0.2661596958174905
345,0.3612167300380228,0.3612167300380228,0.3612167300380228,0.33079847908745247,0.33079847908745247,0.33079847908745247,0.33840304182509506,0.33840304182509506,0.33840304182509506,0.2661596958174905,0.2661596958174905,0.2661596958174905
346,0.3650190114068441,0.3650190114068441,0.3650190114068441,0.3269961977186312,0.3269961977186312,0.3269961977186312,0.33840304182509506,0.33840304182509506,0.33840304182509506,0.26996197718631176,0.26996197718631176,0.26996197718631176
347,0.3726235741444867,0.3726235741444867,0.3726235741444867,0.33460076045627374,0.33460076045627374,0.33460076045627374,0.33840304182509506,0.33840304182509506,0.33840304182509506,0.26996197718631176,0.26996197718631176,0.26996197718631176
348,0.3726235741444867,0.3726235741444867,0.3726235741444867,0.33460076045627374,0.33460076045627374,0.33460076045627374,0.33460076045627374,0.33460076045627374,0.33460076045627374,0.26996197718631176,0.26996197718631176,0.26996197718631176
349,0.3688212927756654,0.3688212927756654,0.3688212927756654,0.33079847908745247,0.33079847908745247,0.33079847908745247,0.33460076045627374,0.33460076045627374,0.33460076045627374,0.2661596958174905,0.2661596958174905,0.2661596958174905
350,0.3726235741444867,0.3726235741444867,0.3726235741444867,0.33460076045627374,0.33460076045627374,0.33460076045627374,0.33840304182509506,0.33840304182509506,0.33840304182509506,0.2661596958174905,0.2661596958174905,0.2661596958174905
351,0.3688212927756654,0.3688212927756654,0.3688212927756654,0.3269961977186312,0.3269961977186312,0.3269961977186312,0.33460076045627374,0.33460076045627374,0.33460076045627374,0.2623574144486692,0.2623574144486692,0.2623574144486692
352,0.3650190114068441,0.3650190114068441,0.3650190114068441,0.33079847908745247,0.33079847908745247,0.33079847908745247,0.33079847908745247,0.33079847908745247,0.33079847908745247,0.26996197718631176,0.26996197718631176,0.26996197718631176
353,0.376425855513308,0.376425855513308,0.376425855513308,0.33460076045627374,0.33460076045627374,0.33460076045627374,0.33460076045627374,0.33460076045627374,0.33460076045627374,0.27756653992395436,0.27756653992395436,0.27756653992395436
354,0.376425855513308,0.376425855513308,0.376425855513308,0.33840304182509506,0.33840304182509506,0.33840304182509506,0.33460076045627374,0.33460076045627374,0.33460076045627374,0.2737642585551331,0.2737642585551331,0.2737642585551331
355,0.3726235741444867,0.3726235741444867,0.3726235741444867,0.33460076045627374,0.33460076045627374,0.33460076045627374,0.3269961977186312,0.3269961977186312,0.3269961977186312,0.2661596958174905,0.2661596958174905,0.2661596958174905
356,0.3650190114068441,0.3650190114068441,0.3650190114068441,0.33079847908745247,0.33079847908745247,0.33079847908745247,0.3269961977186312,0.3269961977186312,0.3269961977186312,0.2661596958174905,0.2661596958174905,0.2661596958174905
357,0.3650190114068441,0.3650190114068441,0.3650190114068441,0.3269961977186312,0.3269961977186312,0.3269961977186312,0.33079847908745247,0.33079847908745247,0.33079847908745247,0.2585551330798479,0.2585551330798479,0.2585551330798479
358,0.3726235741444867,0.3726235741444867,0.3726235741444867,0.3269961977186312,0.3269961977186312,0.3269961977186312,0.33079847908745247,0.33079847908745247,0.33079847908745247,0.26996197718631176,0.26996197718631176,0.26996197718631176
359,0.3688212927756654,0.3688212927756654,0.3688212927756654,0.33460076045627374,0.33460076045627374,0.33460076045627374,0.33079847908745247,0.33079847908745247,0.33079847908745247,0.26996197718631176,0.26996197718631176,0.26996197718631176
360,0.3574144486692015,0.3574144486692015,0.3574144486692015,0.33460076045627374,0.33460076045627374,0.33460076045627374,0.33460076045627374,0.33460076045627374,0.33460076045627374,0.27756653992395436,0.27756653992395436,0.27756653992395436
361,0.3650190114068441,0.3650190114068441,0.3650190114068441,0.34220532319391633,0.34220532319391633,0.34220532319391633,0.33079847908745247,0.33079847908745247,0.33079847908745247,0.2737642585551331,0.2737642585551331,0.2737642585551331
362,0.3612167300380228,0.3612167300380228,0.3612167300380228,0.33840304182509506,0.33840304182509506,0.33840304182509506,0.33079847908745247,0.33079847908745247,0.33079847908745247,0.27756653992395436,0.27756653992395436,0.27756653992395436
363,0.3574144486692015,0.3574144486692015,0.3574144486692015,0.34220532319391633,0.34220532319391633,0.34220532319391633,0.33079847908745247,0.33079847908745247,0.33079847908745247,0.27756653992395436,0.27756653992395436,0.27756653992395436
364,0.3612167300380228,0.3612167300380228,0.3612167300380228,0.33840304182509506,0.33840304182509506,0.33840304182509506,0.33460076045627374,0.33460076045627374,0.33460076045627374,0.28517110266159695,0.28517110266159695,0.28517110266159695
365,0.3650190114068441,0.3650190114068441,0.3650190114068441,0.33840304182509506,0.33840304182509506,0.33840304182509506,0.3269961977186312,0.3269961977186312,0.3269961977186312,0.27756653992395436,0.27756653992395436,0.27756653992395436
366,0.3650190114068441,0.3650190114068441,0.3650190114068441,0.33840304182509506,0.33840304182509506,0.33840304182509506,0.33079847908745247,0.33079847908745247,0.33079847908745247,0.2813688212927757,0.2813688212927757,0.2813688212927757
367,0.3650190114068441,0.3650190114068441,0.3650190114068441,0.3269961977186312,0.3269961977186312,0.3269961977186312,0.33079847908745247,0.33079847908745247,0.33079847908745247,0.2813688212927757,0.2813688212927757,0.2813688212927757
368,0.3650190114068441,0.3650190114068441,0.3650190114068441,0.33079847908745247,0.33079847908745247,0.33079847908745247,0.33840304182509506,0.33840304182509506,0.33840304182509506,0.28517110266159695,0.28517110266159695,0.28517110266159695
369,0.3650190114068441,0.3650190114068441,0.3650190114068441,0.33460076045627374,0.33460076045627374,0.33460076045627374,0.33460076045627374,0.33460076045627374,0.33460076045627374,0.2965779467680608,0.2965779467680608,0.2965779467680608
370,0.3574144486692015,0.3574144486692015,0.3574144486692015,0.33460076045627374,0.33460076045627374,0.33460076045627374,0.3269961977186312,0.3269961977186312,0.3269961977186312,0.2889733840304182,0.2889733840304182,0.2889733840304182
371,0.3650190114068441,0.3650190114068441,0.3650190114068441,0.3269961977186312,0.3269961977186312,0.3269961977186312,0.33079847908745247,0.33079847908745247,0.33079847908745247,0.2965779467680608,0.2965779467680608,0.2965779467680608
372,0.3726235741444867,0.3726235741444867,0.3726235741444867,0.33840304182509506,0.33840304182509506,0.33840304182509506,0.33840304182509506,0.33840304182509506,0.33840304182509506,0.2965779467680608,0.2965779467680608,0.2965779467680608
373,0.3688212927756654,0.3688212927756654,0.3688212927756654,0.33079847908745247,0.33079847908745247,0.33079847908745247,0.33460076045627374,0.33460076045627374,0.33460076045627374,0.29277566539923955,0.29277566539923955,0.29277566539923955
374,0.3650190114068441,0.3650190114068441,0.3650190114068441,0.33840304182509506,0.33840304182509506,0.33840304182509506,0.33079847908745247,0.33079847908745247,0.33079847908745247,0.2965779467680608,0.2965779467680608,0.2965779467680608
375,0.3650190114068441,0.3650190114068441,0.3650190114068441,0.33460076045627374,0.33460076045627374,0.33460076045627374,0.33460076045627374,0.33460076045627374,0.33460076045627374,0.29277566539923955,0.29277566539923955,0.29277566539923955
376,0.35361216730038025,0.35361216730038025,0.35361216730038025,0.33079847908745247,0.33079847908745247,0.33079847908745247,0.33460076045627374,0.33460076045627374,0.33460076045627374,0.2889733840304182,0.2889733840304182,0.2889733840304182
377,0.3574144486692015,0.3574144486692015,0.3574144486692015,0.3231939163498099,0.3231939163498099,0.3231939163498099,0.33840304182509506,0.33840304182509506,0.33840304182509506,0.2889733840304182,0.2889733840304182,0.2889733840304182
378,0.3574144486692015,0.3574144486692015,0.3574144486692015,0.33079847908745247,0.33079847908745247,0.33079847908745247,0.33840304182509506,0.33840304182509506,0.33840304182509506,0.29277566539923955,0.29277566539923955,0.29277566539923955
379,0.35361216730038025,0.35361216730038025,0.35361216730038025,0.33460076045627374,0.33460076045627374,0.33460076045627374,0.33460076045627374,0.33460076045627374,0.33460076045627374,0.29277566539923955,0.29277566539923955,0.29277566539923955
380,0.35361216730038025,0.35361216730038025,0.35361216730038025,0.33460076045627374,0.33460076045627374,0.33460076045627374,0.33460076045627374,0.33460076045627374,0.33460076045627374,0.28517110266159695,0.28517110266159695,0.28517110266159695
381,0.34980988593155893,0.34980988593155893,0.34980988593155893,0.3269961977186312,0.3269961977186312,0.3269961977186312,0.33460076045627374,0.33460076045627374,0.33460076045627374,0.27756653992395436,0.27756653992395436,0.27756653992395436
382,0.3574144486692015,0.3574144486692015,0.3574144486692015,0.33460076045627374,0.33460076045627374,0.33460076045627374,0.33840304182509506,0.33840304182509506,0.33840304182509506,0.28517110266159695,0.28517110266159695,0.28517110266159695
383,0.35361216730038025,0.35361216730038025,0.35361216730038025,0.33079847908745247,0.33079847908745247,0.33079847908745247,0.33460076045627374,0.33460076045627374,0.33460076045627374,0.2889733840304182,0.2889733840304182,0.2889733840304182
384,0.3688212927756654,0.3688212927756654,0.3688212927756654,0.33079847908745247,0.33079847908745247,0.33079847908745247,0.34220532319391633,0.34220532319391633,0.34220532319391633,0.2889733840304182,0.2889733840304182,0.2889733840304182
385,0.3612167300380228,0.3612167300380228,0.3612167300380228,0.33079847908745247,0.33079847908745247,0.33079847908745247,0.34220532319391633,0.34220532319391633,0.34220532319391633,0.27756653992395436,0.27756653992395436,0.27756653992395436
386,0.3688212927756654,0.3688212927756654,0.3688212927756654,0.33079847908745247,0.33079847908745247,0.33079847908745247,0.33460076045627374,0.33460076045627374,0.33460076045627374,0.2813688212927757,0.2813688212927757,0.2813688212927757
387,0.3688212927756654,0.3688212927756654,0.3688212927756654,0.3269961977186312,0.3269961977186312,0.3269961977186312,0.33079847908745247,0.33079847908745247,0.33079847908745247,0.28517110266159695,0.28517110266159695,0.28517110266159695
388,0.3726235741444867,0.3726235741444867,0.3726235741444867,0.3231939163498099,0.3231939163498099,0.3231939163498099,0.33840304182509506,0.33840304182509506,0.33840304182509506,0.29277566539923955,0.29277566539923955,0.29277566539923955
389,0.3688212927756654,0.3688212927756654,0.3688212927756654,0.3269961977186312,0.3269961977186312,0.3269961977186312,0.33460076045627374,0.33460076045627374,0.33460076045627374,0.2889733840304182,0.2889733840304182,0.2889733840304182
390,0.3612167300380228,0.3612167300380228,0.3612167300380228,0.3269961977186312,0.3269961977186312,0.3269961977186312,0.33460076045627374,0.33460076045627374,0.33460076045627374,0.2965779467680608,0.2965779467680608,0.2965779467680608
391,0.3650190114068441,0.3650190114068441,0.3650190114068441,0.3231939163498099,0.3231939163498099,0.3231939163498099,0.33079847908745247,0.33079847908745247,0.33079847908745247,0.2889733840304182,0.2889733840304182,0.2889733840304182
392,0.3574144486692015,0.3574144486692015,0.3574144486692015,0.33079847908745247,0.33079847908745247,0.33079847908745247,0.34600760456273766,0.34600760456273766,0.34600760456273766,0.2889733840304182,0.2889733840304182,0.2889733840304182
393,0.3612167300380228,0.3612167300380228,0.3612167300380228,0.3269961977186312,0.3269961977186312,0.3269961977186312,0.33840304182509506,0.33840304182509506,0.33840304182509506,0.2965779467680608,0.2965779467680608,0.2965779467680608
394,0.3650190114068441,0.3650190114068441,0.3650190114068441,0.33079847908745247,0.33079847908745247,0.33079847908745247,0.34220532319391633,0.34220532319391633,0.34220532319391633,0.29277566539923955,0.29277566539923955,0.29277566539923955
395,0.3688212927756654,0.3688212927756654,0.3688212927756654,0.34220532319391633,0.34220532319391633,0.34220532319391633,0.34220532319391633,0.34220532319391633,0.34220532319391633,0.2889733840304182,0.2889733840304182,0.2889733840304182
396,0.3574144486692015,0.3574144486692015,0.3574144486692015,0.33840304182509506,0.33840304182509506,0.33840304182509506,0.34220532319391633,0.34220532319391633,0.34220532319391633,0.28517110266159695,0.28517110266159695,0.28517110266159695
397,0.3612167300380228,0.3612167300380228,0.3612167300380228,0.33079847908745247,0.33079847908745247,0.33079847908745247,0.34220532319391633,0.34220532319391633,0.34220532319391633,0.28517110266159695,0.28517110266159695,0.28517110266159695
398,0.3688212927756654,0.3688212927756654,0.3688212927756654,0.34220532319391633,0.34220532319391633,0.34220532319391633,0.34600760456273766,0.34600760456273766,0.34600760456273766,0.2965779467680608,0.2965779467680608,0.2965779467680608
399,0.3726235741444867,0.3726235741444867,0.3726235741444867,0.33840304182509506,0.33840304182509506,0.33840304182509506,0.33840304182509506,0.33840304182509506,0.33840304182509506,0.28517110266159695,0.28517110266159695,0.28517110266159695